1499,"A. ORANGE","255255255"
2211,"SCRLT","255255255"
1797,"STEALTH","255255255"
46,".","255255255"
50,".","255255255"
55,".","255255255"
60,".","255255255"
1,"ABOBORA","255255255"
57,"ACAFRAO","221182020"
187,"ACAI","255255255"
1496,"ACCENT OLIVE","255255255"
1250,"ACID MINT","255255255"
1251,"ACID ORANGE","255255255"
1899,"ACID RED","255255255"
1252,"ACID YELLOW","255255255"
1896,"ACOBREADO MTEAL","255255255"
67,"ACQUA","255255255"
291,"ACQUARIUS","255255255"
2387,"ACTION GRAPE","255255255"
2364,"ACTION GREEN","255255255"
825,"ACTIVE FUCHSIA","255255255"
500,"ACTIVE GOLD","255255255"
448,"ACTIVE GREEN","255255255"
423,"ACTIVE MAROON","255255255"
463,"ACTIVE ORANGE","255255255"
511,"ACTIVE PINK","255255255"
392,"ACTIVE PURPLE","255255255"
432,"ACTIVE RED","255255255"
442,"ACTIVE TEAL","255255255"
1001,"ACTIVE TEAL","255255255"
2361,"ADOBE","255255255"
480,"AERO BLUE S18","255255255"
1253,"AERO GREEN","255255255"
356,"AGUA","255255255"
1014,"ALABASTER","255255255"
1858,"ALARMING","255255255"
2189,"ALE BROWN","255255255"
895,"ALGODAO DOCE","255255255"
2152,"ALLIGATOR","255255255"
2278,"ALLIGATOR GCW#5","255255255"
1329,"ALLOY","255255255"
1900,"ALMOST PINK","255255255"
2137,"ALMOST BLUE","255255255"
828,"ALPHA ORANGE","255255255"
1901,"ALTER. BLUE","255255255"
2148,"ALTERED AMBER","255255255"
953,"ALUMIN","255255255"
745,"ALUMINA","255255255"
285,"ALUMINIO","255255255"
1458,"ALUMINUM","255255255"
2329,"ALURE","255255255"
345,"AMARELO GEMA","255255255"
30,"AMARELO","255255255"
2079,"AMARELO MOSTDA","255255255"
2080,"AMARELO DOURADO","255255255"
2081,"AMARELO ALRJDO","255255255"
2105,"AMARELO ALARANJ","241144053"
2050,"AMARELO ANTIGO","255255255"
68,"AMARELO BANANA","250225153"
2451,"AMARELO BEBE","255255255"
254,"AMARELO BRILHAN","244191058"
69,"AMARELO CITRICO","255255255"
2432,"AMARELO CANARIO","255255255"
70,"AMARELO CITRIC2","255255255"
257,"AMARELO CLARO","255255255"
253,"AMARELO CONGELA","255255255"
201,"AMARELO CROMO","255255255"
340,"AMARELO FLUOR","255255255"
2086,"AMARELO FRIO","255255255"
1182,"AMARELO GLITTER","255255255"
323,"AMARELO LED","255255255"
330,"AMARELO LED FLU","255255255"
71,"AMARELO LIGHT","253216120"
736,"AMARELO LIMAO","199182060"
2119,"AMARELO MANGO","255255051"
2106,"AMARELO MOSTARD","255255255"
72,"AMARELO NEON","255255255"
1248,"AMARELO OURO","255255255"
2413,"AMARELO PIXEL","255255255"
28,"AMARELO POLEN","255255255"
2330,"AMARELO POP","255255255"
290,"AMARELO REVIVAL","255255255"
2576,"AMARELO SICILIA","255255255"
240,"AMARELO SOLAR","238150038"
2422,"AMARELO SPARK","255255255"
662,"AMARILLO","255255255"
73,"AMAZONIA","255255255"
216,"AMBAR","255255255"
1621,"AMBER","255255255"
1165,"AMBER BROWN","255255255"
2632,"AMBER BROWNBLAC","255255255"
1814,"AMBER FLAME","255255255"
690,"AMBER RISE","255255255"
746,"AMBER TINT","255255255"
1665,"AMBIENT BLUSH","255255255"
1703,"AMBIENT BLUSH","255255255"
1682,"AMBIENT SKY","255255255"
210,"AMEIXA","255255255"
1960,"AMETHYST ASH","255255255"
1733,"AMETHYST SMOKE","255255255"
621,"AMETHYST TINT","255255255"
1977,"AMETHYST WAVE","255255255"
209,"AMETISTA","255255255"
2180,"ANTETOKOUNMPO G","255255255"
2281,"ANTHONY CARMELO","255255255"
563,"ANTHRACITE","255255255"
970,"APP SIGNAL ORAN","255255255"
416,"APP SOLAR RED","255255255"
1444,"APRICOT AGATE","255255255"
2098,"APRICOT RED","255255255"
1300,"AQUA DUST","255255255"
1424,"AQUAMARINE","255255255"
1835,"ARCHAEO BROWN","255255255"
1828,"ARCHAEO PINK","255255255"
2603,"ARCTIC FUSION","255255255"
2599,"ARCTIC NIGHT","255255255"
1358,"ARCTIC ORANGE","255255255"
850,"ARCTIC PINK","255255255"
1384,"ARCTIC PUNCH","255255255"
183,"AREIA","239220195"
1931,"AREIA DOURADA M","255255255"
324,"AREIA DOURADA","255255255"
2326,"ARGILA","255255255"
1739,"ARMORY NAVY","255255255"
1780,"ARMY","255255255"
1798,"ARMY","255255255"
1015,"ARMY GREEN","255255255"
897,"ART 1","255255255"
1672,"ART 72","255255255"
74,"ARUBA","255255255"
2519,"AS CBB","255255255"
2479,"ASFALTO","255255255"
1128,"ASH GREEN","255255255"
436,"ASH GREY S18","255255255"
1254,"ASH PEARL","255255255"
455,"ASH SILVER","255255255"
1362,"ASHEN SLATE","255255255"
2265,"ASHEN SLATEBLAC","255255255"
1119,"ASPARAGUS","255255255"
1111,"ASTRONOMY BLUE","255255255"
2457,"ATMOSFERA","255255255"
553,"ATMOSPHERE GREY","255255255"
1959,"ATMOSPHERE","255255255"
5054,"ATOMIC GREEN","255255255"
1378,"ATOMIC ORANGE","255255255"
1143,"ATOMIC PINK","255255255"
651,"ATOMIC VIOLET","255255255"
932,"AURA","255255255"
1301,"AURA ORANGE","255255255"
684,"AURORA GREEN","255255255"
53,"AVELA","255255255"
623,"AVIATOR GREY","255255255"
344,"AZUL MISTY","255255255"
2486,"AZUL;BRANCO;MED","255255255"
29,"AZUL","093150188"
75,"AZUL ACIZENTADO","255255255"
355,"AZUL ACO","255255255"
354,"AZUL ACQUA","255255255"
25,"AZUL AGUA","255255255"
76,"AZUL ALFAZEMA","255255255"
367,"AZUL AQUA","255255255"
1932,"AZUL ASHLEY","255255255"
2577,"AZUL BACHELOR B","255255255"
2570,"AZUL BALTICO","255255255"
2042,"AZUL BEBE","255255255"
2567,"AZUL BLUEPRINT","255255255"
77,"AZUL CAPRI","255255255"
2435,"AZUL CEL","255255255"
218,"AZUL CELESTE","101141198"
1392,"AZUL CEU","255255255"
217,"AZUL CINTILANTE","255255255"
170,"AZUL CLARO","147180215"
283,"AZUL COBALTO","057093141"
2327,"AZUL COMFY","255255255"
2440,"AZUL CRISTAL","255255255"
2480,"AZUL CYAN","255255255"
2569,"AZUL DESLUMBRAN","255255255"
169,"AZUL ESCURO","255255255"
2456,"AZUL ESMALTE","255255255"
78,"AZUL ESTRELA","255255255"
893,"AZUL ESTRELA JE","255255255"
79,"AZUL FIRENZE","255255255"
202,"AZUL FLUORESCEN","255255255"
2388,"AZUL FRANCIA","255255255"
326,"AZUL GLITTER","255255255"
1188,"AZUL GLITTER PR","255255255"
80,"AZUL INDIGO","073081109"
2468,"AZUL INFINITO","255255255"
1652,"AZUL JEANS","255255255"
2124,"AZUL LAVADO","255255255"
81,"AZUL LAVANDA","155171187"
82,"AZUL MALIBU","056097146"
2389,"AZUL MANCLAIR","255255255"
207,"AZUL MARINHO","255255255"
1186,"AZUL MEDIO","255255255"
2095,"AZUL METALICO","255255255"
65,"AZUL MINERAL","050049055"
1889,"AZUL NAUTICO","019041075"
83,"AZUL NAVAL","048101142"
272,"AZUL NEGRITO","036063108"
313,"AZUL NEVOA","255255255"
2039,"AZUL NOITE","255255255"
2580,"AZUL NORDICO","255255255"
1177,"AZUL OPACO","173190211"
84,"AZUL PASTEL","183192214"
1184,"AZUL PEROLADO","255255255"
185,"AZUL PETROLEO","042059078"
1933,"AZUL PISCINA","123196196"
741,"AZUL PRATEADO","255255255"
85,"AZUL PROVENCE","255255255"
2433,"AZUL REAL","255255255"
1178,"AZUL REEBOK","255255255"
2474,"AZUL REGATA","255255255"
192,"AZUL ROYAL","255255255"
2587,"AZUL SAFIRA","255255255"
86,"AZUL SKY","255255255"
235,"AZUL SOLAR","255255255"
347,"AZUL SPLASH","255255255"
325,"AZUL TRADE","255255255"
368,"AZUL TRADICIONA","255255255"
2415,"AZUL TRANQUILID","255255255"
1622,"AZUL TRANSPAREN","255255255"
1180,"AZUL TURQUESA","255255255"
2571,"AZUL VERNA","255255255"
1934,"AZUL WATER","255255255"
2401,"AZUL WATER","255255255"
1903,"BLUE R","255255255"
1805,"B. SADDLE","255255255"
1826,"B. SANDDLE","255255255"
1636,"B.PINK","255255255"
2434,"BABY PINK","255255255"
2605,"BAHIA MAGENTA","255255255"
903,"BAHIA MINT","255255255"
1302,"BAKED EARTH","255255255"
2377,"BALL LAMELO","255255255"
1156,"BALTIC BLUE","255255255"
2514,"BALTIC BLUEPALE","255255255"
2573,"BANANA CREAM","255255255"
856,"BARELY GRAPE","255255255"
1343,"BARELY GREEN","255255255"
2241,"BARELY GREEN","255255255"
2256,"BARELY GREEN","255255255"
2275,"BARELY GREEN","255255255"
2276,"BARELY GREEN EN","255255255"
724,"BARELY ROSE","255255255"
1993,"BARELY ROSEPINK","255255255"
2005,"BARELY ROSEWHIT","255255255"
672,"BARELY VOLT","255255255"
1108,"BAROQUE BROWN","255255255"
1756,"BASE GREY","255255255"
1330,"BASIL GREEN","255255255"
376,"BASKETBALL NATU","255255255"
938,"BATTLE BLUE","255255255"
1753,"BEACH","255255255"
2149,"BEAM ORANGE","255255255"
2125,"BEAM PINK","148153187"
2141,"BEAM YELLOW","255255255"
714,"BEECHTREE","255255255"
15,"BEGE","191185163"
1191,"BEGE CARAMELO","255255255"
309,"BEGE CLARO","237230219"
1729,"BEGE FUNDO DO M","255255255"
1718,"BEGE MELLOW","255255255"
1624,"BEGE METALIZADO","255255255"
87,"BEGE PALHA","241234212"
1623,"BEGE TRANSPAREN","255255255"
1902,"BEIGE TN","255255255"
1681,"BEIGE TONE","255255255"
1674,"BENFICA RED","255255255"
88,"BERINJELA","255255255"
286,"BETERRABA","255255255"
2353,"BETTER SCARLET","255255255"
1160,"BEYOND PINK","255255255"
224,"BIC","255255255"
1457,"BICOASTAL","255255255"
1239,"BINARY BLUE","255255255"
2536,"BINARY BLUE FUL","255255255"
1124,"BIRCH HEATHER","255255255"
2031,"BLAZE ORANGE","255255255"
377,"BLACK","255255255"
2354,"BLACK BLUE MET","255255255"
2397,"BLACK BLUE MET","255255255"
1588,"BLACK BONE","255255255"
1596,"BLACK BONE SUED","255255255"
1530,"BLACK CAMO CREA","255255255"
2257,"BLACK CAMO PRIN","255255255"
1577,"BLACK CARBON","255255255"
1816,"BLACK CARBON CR","255255255"
1587,"BLACK CHARCOAL","255255255"
1817,"BLACK CHARCOAL","255255255"
1540,"BLACK CREAM","255255255"
1547,"BLACK CREAM SUE","255255255"
1590,"BLACK CRIMSON","255255255"
1819,"BLACK FU SUEDE","255255255"
2292,"BLACK GCW#4","255255255"
2297,"BLACK GCW#3","255255255"
1562,"BLACK GREY SUED","255255255"
1593,"BLACK GUM SUEDE","255255255"
1610,"BLACK GUM","255255255"
1630,"BLACK GUN SUEDE","255255255"
887,"BLACK HEATHER","255255255"
2637,"BLACK HEATHERBL","255255255"
1529,"BLACK LAVENDER","255255255"
1789,"BLACK MULTI","255255255"
2295,"BLACK No Sponso","255255255"
943,"BLACK OXIDIZED","255255255"
516,"BLACK REFLECTIV","255255255"
1548,"BLACK SUEDE","255255255"
1940,"BLACK VARSITY M","255255255"
2289,"BLACK two tone","255255255"
1655,"BLACK-WHEAT-WHI","255255255"
2228,"BLACK/WHITE","255255255"
1987,"BLACKBLACK","255255255"
2520,"BLACKBLK","255255255"
1995,"BLACKCHILE RED","255255255"
2018,"BLACKCOCONUT MI","255255255"
2002,"BLACKDARK GREY","255255255"
596,"BLACKENED BLUE","255255255"
2534,"BLACKENED BLUE","255255255"
1986,"BLACKMTLC DARK","255255255"
2017,"BLACKMYSTIC HIB","255255255"
1984,"BLACKPHOTON DUS","255255255"
2267,"BLACKPINK GLAZE","255255255"
2007,"BLACKRUSH PINK","255255255"
2015,"BLACKSAILGUM LI","255255255"
2012,"BLACKSIREN RED","255255255"
1992,"BLACKSUMMIT WHI","255255255"
2006,"BLACKUNIVERSITY","255255255"
1994,"BLACKWHITE","255255255"
2549,"BLACKWHT","255255255"
2088,"BLANC DE BLANC","255255255"
1229,"BLEACHED AQUA","255255255"
612,"BLEACHED CORAL","255255255"
2609,"BLISS BLUE","255255255"
2145,"BLISS LILAC","255255255"
2128,"BLISS ORANGE","255255255"
431,"BLISS PINK","255255255"
1169,"BLK","255255255"
1803,"BLK","255255255"
1824,"BLK CAMO","255255255"
1635,"BLK CORE MUL TI","255255255"
1479,"BLK CORE MULTI","255255255"
2219,"BLK/SCARLET","255255255"
2640,"BLKSG","255255255"
393,"BLUE","255255255"
2026,"BLUE BEYOND TRA","255255255"
1360,"BLUE CHILL","255255255"
2336,"BLUE DAWN","255255255"
2405,"BLUE DAWN AEST","255255255"
584,"BLUE FORCE","255255255"
1135,"BLUE FOX","255255255"
848,"BLUE FURY","255255255"
2337,"BLUE FUSION","255255255"
2399,"BLUE FUSION MET","255255255"
583,"BLUE HERO","255255255"
2188,"BLUE JAY","255255255"
667,"BLUE LAGOON","255255255"
2368,"BLUE LIGHTNING","255255255"
212,"BLUE MOON","255255255"
2643,"BLUE NEBULA","255255255"
747,"BLUE NIGHT F17","255255255"
2406,"BLUE NIGHT","255255255"
1255,"BLUE OXIDE","255255255"
2404,"BLUE OXIDE ADWC","255255255"
922,"BLUE SPARK","255255255"
907,"BLUE SPIRIT","255255255"
695,"BLUE STARDUST","255255255"
1570,"BLUE SUEDE","255255255"
449,"BLUE TINT S18","255255255"
1843,"BLUE TINT","255255255"
581,"BLUE VOID","255255255"
2237,"BLUE WHISPER","255255255"
1778,"BLUEBIRD","255255255"
1521,"BLUSH CREAM SUE","255255255"
1507,"BLUSH LAVENDER","255255255"
1331,"BLUSH METAL","255255255"
1347,"BLUSTERY","255255255"
2060,"BOARDER BLUE","255255255"
748,"BOLD AQUA","255255255"
2621,"BOLD BERRY","255255255"
383,"BOLD BLUE","255255255"
2610,"BOLD GOLD","255255255"
384,"BOLD GREEN","255255255"
1693,"BOLD ORANGE","255255255"
1263,"BOLD PINK","255255255"
1618,"BONE","255255255"
1532,"BONE BLACK SUED","255255255"
1589,"BONE BONE SUEDE","255255255"
1815,"BONE FLAME","255255255"
1876,"BONE X-RAY","255255255"
1552,"BONEHEAD","255255255"
1886,"BOO BROWN","255255255"
2182,"BOOKER DEVIN","255255255"
749,"BOOST BLUE VIOL","255255255"
644,"BORDEAUX","255255255"
89,"BORDO","122031061"
1016,"BOULDER BROWN","255255255"
1303,"BOULDER GREY","255255255"
2482,"BRANCO/PRETO","255255255"
2483,"BRANCO;MEDIEVAL","255255255"
63,"BRANCO","255255255"
314,"BRANCO GELO","255255255"
2489,"BRANCO.","255255255"
2566,"BRANCO/AZUL MAR","255255255"
1304,"BRAVE BLUE","255255255"
1919,"BRIGHT ORANGE","255255255"
750,"BRIGHT BLUE","255255255"
872,"BRIGHT CACTUS","255255255"
628,"BRIGHT CERAMIC","255255255"
869,"BRIGHT CITRUS","255255255"
1434,"BRIGHT CITRON","255255255"
576,"BRIGHT CRIMSON","255255255"
413,"BRIGHT CYAN","255255255"
588,"BRIGHT MANGO","255255255"
2507,"BRIGHT MANDARIN","255255255"
935,"BRIGHT MELON","255255255"
1305,"BRIGHT OCHRE","255255255"
484,"BRIGHT RED","255255255"
2355,"BRIGHT ROYAL","255255255"
1398,"BRIGHT SILVER","255255255"
883,"BRIGHT SPRUCE","255255255"
610,"BRIGHT VIOLET","255255255"
522,"BRIGHT YELLOW","255255255"
17,"BRONZE VELHO","255255255"
52,"BRONZE","255255255"
1463,"BRONZE ECLIPSE","255255255"
2620,"BRONZINE","255255255"
1212,"BROWN","255255255"
1755,"BROWN BASALT","255255255"
2319,"BROWN RICE","255255255"
1569,"BROWN SUEDE","255255255"
2551,"BRT CACTUS","255255255"
2245,"BRT CRIMSON","255255255"
2246,"BRT SPRUCE","255255255"
1459,"BUCKTAN","255255255"
2652,"BUFF GOLD","255255255"
578,"BURGUNDY ASH","255255255"
1950,"BURGUNDY CRUSH","255255255"
2066,"BURNT SIENNA","255255255"
1839,"BURNT SUNRISE","255255255"
2173,"BUTLER JIMMY","255255255"
2312,"BlackLt Crimson","255255255"
1471,"C. WALNUT","255255255"
1821,"C. WALNUT","255255255"
1791,"C.GOLD","255255255"
1497,"C.GREY","255255255"
1488,"C.MAUVE","255255255"
1781,"C.OLIVE","255255255"
539,"CABANA","255255255"
2071,"CABERNET","153000000"
1967,"CACAO  WOW","255255255"
1725,"CACAU","255255255"
1104,"CACTUS FLOWER","255255255"
3,"CAFE","255255255"
43,"CAFE METALICO","255255255"
90,"CAIXA MISTA","255255255"
2046,"CAMEL","255255255"
200,"CAMELIA","255255255"
1129,"CAMELLIA","255255255"
1651,"CAMELO","255255255"
1531,"CAMO BLACK CREA","255255255"
1511,"CAMO CREAM","255255255"
1388,"CAMPFIRE ORANGE","255255255"
180,"CAMUFLADO","255255255"
188,"CANDY","255255255"
1393,"CANDY PINK","255255255"
5,"CANELA","159081048"
709,"CANTEEN","255255255"
1018,"CANTON RED","255255255"
1439,"CANYON GREY","255255255"
927,"CANYON PINK","255255255"
1965,"CANYON PURPLE","255255255"
1794,"CANYON ROCK BRN","255255255"
1429,"CANYON RUST","255255255"
221,"CAPRI","255255255"
2578,"CAPULET OLIVE","255255255"
287,"CAQUI","255255255"
91,"CAQUI ESCURO","255255255"
16,"CARAMELO","255255255"
2476,"CARBENET","255255255"
387,"CARBON","255255255"
1549,"CARBON CREAM","255255255"
1609,"CARBON CREAM SU","255255255"
625,"CARBON HEATHER","255255255"
2260,"CARBON HEATHER","255255255"
2299,"CARBON HEATHERB","255255255"
2300,"CARBON HEATHERB","255255255"
2516,"CARBON HTRBLACK","255255255"
1585,"CARBON SUEDE","255255255"
92,"CARBONO","255255255"
1774,"CARDBOARD","255255255"
1159,"CARDINAL RED","255255255"
256,"CARGO","255255255"
601,"CARGO KHAKI","255255255"
1935,"CARMIM","255255255"
1019,"CAROTENE","255255255"
280,"CARVALHO","255255255"
1741,"CASHMERE","255255255"
265,"CASTANHO","255255255"
264,"CASTANHO AVERME","255255255"
1187,"CASTOR","255255255"
1193,"CASTOR","255255255"
1555,"CAUTION","255255255"
1748,"CAVE PURPLE","255255255"
1837,"CAVE STONE","255255255"
751,"CBLACK","255255255"
1418,"CDGRY5","255255255"
608,"CEDAR","255255255"
1427,"CELADON","255255255"
2062,"CELERY","255255255"
284,"CELESTE","255255255"
2502,"CELESTIAL GOLD","255255255"
702,"CELESTINE BLUE","255255255"
2436,"CENOURA","255255255"
1573,"CENSORED","255255255"
1306,"CERAMIC PINK","255255255"
2116,"CERAMICA","255255255"
191,"CEREJA","255255255"
851,"CERULEAN","255255255"
1391,"CEU DE INVERNO","255255255"
2517,"CFWH","255255255"
1017,"CHALK","255255255"
1313,"CHALK BLUE","255255255"
530,"CHALK WHITE","247235245"
1793,"CHALK WHITE MUL","255255255"
921,"CHALLENGE RED","255255255"
934,"CHAMPAGNE","255255255"
1287,"CHAMPAGNE MET.","255255255"
1077,"CHARCOAL","255255255"
1595,"CHARCOAL BUTTER","255255255"
1616,"CHARCOAL BLACK","255255255"
541,"CHARCOAL HEATHR","255255255"
1414,"CHARMING PINK","255255255"
1631,"CHAROCOAL BUTTE","255255255"
1505,"CHEATER DENIM C","255255255"
1580,"CHEETAH","255255255"
1600,"CHEETAH BONE CR","255255255"
1603,"CHEETAH CARBON","255255255"
1557,"CHEETAH CHARCOA","255255255"
1604,"CHEETAH CHOCOLA","255255255"
1597,"CHEETAH GREY","255255255"
1629,"CHEETAH GRAY","255255255"
1567,"CHEETAH WHITE","255255255"
1002,"CHERRY MET.","255255255"
2242,"CHERRYWOOD RED","255255255"
2439,"CHICLETE","255255255"
2318,"CHICORY COFFE","255255255"
1132,"CHILE RED","255255255"
697,"CHINA ROSE","255255255"
1372,"CHLORINE BLUE","255255255"
2055,"CHLOROPHYLL","255255255"
1490,"CHMBRYJ","255255255"
10,"CHOCOLATE","255255255"
1607,"CHOCOLATE GUM S","255255255"
1627,"CHOCOLATE GUN S","255255255"
1877,"CHOCOLATE SHADE","255255255"
676,"CHROME","255255255"
580,"CHROME YELLOW","255255255"
26,"CHUMBO","122137143"
1218,"CHUTNEY","255255255"
239,"CIANO","255255255"
2334,"CIBER PINK","255255255"
1842,"CIDER","255255255"
639,"CINNABAR","255255255"
66,"CINZA","255255255"
93,"CINZA ACO","255255255"
94,"CINZA CARBONO","255255255"
95,"CINZA CHUMBO","255255255"
177,"CINZA CLARO","190189189"
2112,"CINZA CLARO MES","202203207"
96,"CINZA DARK","255255255"
258,"CINZA ESCURO","255255255"
2110,"CINZA ESCURO ME","103099095"
97,"CINZA GELO","255255255"
2471,"CINZA GLITTER R","255255255"
98,"CINZA LIGHT","255255255"
261,"CINZA MEDIO","255255255"
2107,"CINZA MESCLA ES","255255255"
2109,"CINZA MESCLA MÉ","255255255"
2113,"CINZA MESCLA ME","255255255"
2115,"CINZA MESCLA MÉ","255255255"
2443,"CINZA MESCLADO","255255255"
2565,"CINZA MESCLA/BR","255255255"
255,"CINZA METALICO","255255255"
2427,"CINZA MILITAR","255255255"
2431,"CINZA MILITAR","255255255"
2117,"CINZA MÉDIO MES","164165160"
306,"CINZA NEBLINA","255255255"
251,"CINZA PEROLA","255255255"
181,"CINZA RATO","255255255"
271,"CINZA URZE ESCU","255255255"
2224,"CINZA/BRANCO","255255255"
2484,"CINZA MESC;PRET","255255255"
1764,"CITRON","255255255"
1451,"CITRON PULSE","255255255"
2023,"CITRON TINT","255255255"
2403,"CITRONELA","255255255"
1428,"CLASSIC GREEN","255255255"
1020,"CLASSIC PINK","255255255"
1170,"CLASSIC WHITE","255255255"
2611,"CLAY STRATA","255255255"
1153,"CLAYSTONE RED","255255255"
680,"CLEAR","255255255"
752,"CLEAR","255255255"
753,"CLEAR BROWN","255255255"
1859,"CLEAR EMERALD","255255255"
488,"CLEAR GREY","255255255"
1236,"CLEAR JADE","255255255"
2625,"CLEAR JADE II","255255255"
1264,"CLEAR LILAC","255255255"
1265,"CLEAR LILAC","255255255"
391,"CLEAR MINT","255255255"
1688,"CLEAR ONIX","255255255"
754,"CLEAR ORANGE","255255255"
450,"CLEAR PINK","255255255"
1920,"CLEAR SKY","255255255"
1939,"CLEAR WHITE SAI","255255255"
2059,"CLOUD GREY","255255255"
445,"CLOUD WHITE","255255255"
2035,"CLOVER","255255255"
2036,"CLOVER","255255255"
660,"CLUB GOLD","255255255"
707,"COAST","255255255"
566,"COASTAL BLUE","255255255"
2290,"COASTAL BLUE No","255255255"
2365,"COBALT BLISS","255255255"
2545,"COBALT BLISSSAI","255255255"
1107,"COBALT TINT","255255255"
888,"COBBLESTONE","255255255"
99,"COBRE","255255255"
300,"COBRE ESCURO","255255255"
1897,"COBRE METALICO","255255255"
1431,"COCONUT MILK","255255255"
2302,"COCONUT MILKCOC","255255255"
2411,"COFFEE MET AETM","255255255"
1021,"COLD GREY 2","255255255"
1022,"COLD GREY 4","255255255"
1023,"COLD GREY 5","255255255"
1024,"COLD GREY 6","255255255"
1025,"COLD GREY 7","255255255"
2407,"COLL NAVY","255255255"
1232,"COLLEGE GREY","255255255"
811,"COLLEGE NAVY","255255255"
1452,"COLLEGE ORANGE","255255255"
385,"COLLEGIATE NAVY","255255255"
394,"COLLEGIATE ROYA","255255255"
755,"COLLEGIATE BURG","255255255"
756,"COLLEGIATE GREE","255255255"
757,"COLLEGIATE RED","255255255"
1401,"COLLEGIATE PURP","255255255"
1707,"COLLEGIATE GOLD","255255255"
661,"COLOR","255255255"
2168,"COMET BLUE","255255255"
971,"CONAVY","255255255"
942,"CONCORD","255255255"
1473,"CONCRETE","255255255"
2510,"CONE","255255255"
2100,"CONFETI FLUOR","255255255"
568,"COOL GREY","255255255"
1985,"COOL GREYWHITE","255255255"
1026,"COOL SHADOW","255255255"
1352,"COPA","255255255"
498,"COPPER MET.","255255255"
758,"COPPMT","255255255"
32,"CORAL","255255255"
2384,"CORAL CHALK","255255255"
298,"CORAL CYBER","255255255"
2391,"CORAL FUSION","255255255"
336,"CORAL NEW FLUOR","255255255"
2333,"CORAL NEW","255255255"
1730,"CORAL PINK","255255255"
2559,"CORAL QUEIMADO","255255255"
2075,"CORAL ROSADO","255255255"
2093,"CORAL SPARK","255255255"
634,"CORAL STARDUST","255255255"
100,"CORALNEW","255255255"
327,"CORALNEW FLUOR","255255255"
1874,"CORE","255255255"
380,"CORE BLACK","255255255"
759,"CORE PINK","255255255"
760,"CORE RED","255255255"
1694,"CORE RED MEL.","255255255"
409,"CORE WHITE","255255255"
2481,"CORES DIVERSAS","255255255"
805,"COSMIC FUCHSIA","255255255"
843,"COSMIC PURPLE","255255255"
1307,"COURT BLUE","255255255"
1027,"COURT GREEN","255255255"
565,"COURT PURPLE","255255255"
1727,"CRAFT","255255255"
1649,"CREAM","255255255"
1514,"CREAM BLACK","255255255"
1539,"CREAM CREAM","255255255"
1750,"CREAM II","255255255"
1509,"CREAM SILVER","255255255"
1288,"CREAM WHITE","255255255"
1878,"CREAMY","255255255"
1930,"CREME","255255255"
1266,"CREW BLUE","255255255"
1256,"CREW NAVY","255255255"
1289,"CREW RED","255255255"
1290,"CREW YELLOW","255255255"
1559,"CRIME","255255255"
1373,"CRIMSON BLISS","255255255"
1546,"CRIMSON CREAM","255255255"
1601,"CRIMSON CREAM S","255255255"
1379,"CRIMSON PULSE","255255255"
1361,"CRIMSON TINT","255255255"
101,"CROCUS","255255255"
2091,"CRU","255255255"
1173,"CRYSTAL BLUE","255255255"
477,"CRYSTAL WHITE","255255255"
1121,"CUCUMBER CALM","255255255"
2177,"CURRY STEPHEN","255255255"
1247,"CYBER","255255255"
496,"CYBER MET.","255255255"
1765,"CYBER TEAL","255255255"
361,"CINZA DARK META","255255255"
1785,"D. BERRY","255255255"
1825,"D.KHAKI","255255255"
2453,"DAMASCO","255255255"
1594,"DANE ORANGE","255255255"
31,"DARK","255255255"
1113,"DARK BEETROOT","255255255"
379,"DARK BLUE","255255255"
1565,"DARK BONE","255255255"
469,"DARK BROWN","255255255"
1291,"DARK BROWN","255255255"
1421,"DARK CAYENNE","255255255"
1812,"DARK FLAG","255255255"
479,"DARK FOOTBALL G","255255255"
972,"DARK GREEN","255255255"
483,"DARK GREY","255255255"
1689,"DARK GREY HEATH","255255255"
1904,"DARK GREY","255255255"
2019,"DARK IRIS","255255255"
1678,"DARK NAVY","255255255"
564,"DARK OBSIDIAN","255255255"
1308,"DARK ORCHID","255255255"
1848,"DARK PONY","255255255"
1342,"DARK RAISIN","255255255"
1849,"DARK RUSSET","255255255"
1862,"DARK RUSSET","255255255"
1078,"DARK SILVER","255255255"
698,"DARK STEEL GREY","255255255"
627,"DARK SULFUR","255255255"
1339,"DARK TEAL GREEN","255255255"
1744,"DARK WINE","255255255"
761,"DASH GREEN","255255255"
762,"DASH GREY","255255255"
371,"DAY BREAK","255255255"
1028,"DEEP COBALT F17","255255255"
2623,"DEEP JUNGLE","255255255"
968,"DEEP NIGHT","255255255"
1120,"DEEP OCEAN","255255255"
2162,"DEEP ORANGE","255255255"
572,"DEEP ROYAL BLUE","255255255"
656,"DEEP ROYAL","255255255"
2655,"DEEP ROYAL BLUE","255255255"
2533,"DEEP TEAL","255255255"
2581,"DEEP WISTERIA","255255255"
2044,"DENIM CLARO","193210221"
2045,"DENIM ESCURO","104147205"
2047,"DENIM MÉDIO","021040064"
2362,"DESERT","255255255"
1115,"DESERT BERRY","255255255"
826,"DESERT DUST","255255255"
659,"DESERT OCHRE","255255255"
1845,"DESERT ORE","255255255"
640,"DESERT SAND","255255255"
293,"DESERTO","255255255"
473,"DGH SOLID GREY","255255255"
842,"DIFFUSED BLUE","255255255"
2376,"DIFFUSED TAUPE","255255255"
1309,"DIGITAL GLOW","255255255"
821,"DIGITAL PINK","255255255"
2616,"DISCO PURPLE","255255255"
1879,"DISTRESSED WHIT","255255255"
1224,"DK ATOMIC TEAL","255255255"
2247,"DK BEETROOT","255255255"
2161,"DK DRIFTWOOD","255255255"
2259,"DK DRIFTWOODRAT","255255255"
1872,"DK GREY","255255255"
547,"DK GREY HEATHER","255255255"
1871,"DK GRN","255255255"
2200,"DK GRY","255255255"
1945,"DK MARINA BLUE","255255255"
1462,"DK PEWTER","255255255"
2526,"DK PONY","255255255"
909,"DK POWDER BLUE","255255255"
1441,"DK PURPLE DUST","255255255"
2196,"DK RED","255255255"
2495,"DK RUSSET","255255255"
577,"DK SMOKE GREY","255255255"
2013,"DK SMOKE GREYSM","255255255"
2160,"DK TURQUOISE","255255255"
2563,"DOCE DE LEITE","255255255"
1954,"DOLL","255255255"
1503,"DON'T CARE BLAC","255255255"
2176,"DONCIC LUKA","255255255"
1625,"DONT CARE SUEDE","255255255"
1553,"DONT CARE","255255255"
1583,"DONT CARE SUED","255255255"
18,"DOURADO","255255255"
21,"DOURADO BLUSH","255255255"
2491,"DOURADO BLUSH.","255255255"
102,"DOURADO CLARO","255255255"
2472,"DOURADO CLARO M","255255255"
278,"DOURADO FOSCO","255255255"
277,"DOURADO METALIC","255255255"
103,"DOURADO SOL","255255255"
763,"DOVE GREY","255255255"
2408,"DOVE GREY ADAJ","255255255"
1642,"DRK","255255255"
1820,"DRK BERRY PURPL","255255255"
1647,"DRK GREY","255255255"
1873,"DRK GRN","255255255"
1632,"DRK KHAKI","255255255"
961,"DSHGRN","255255255"
1692,"DSHGRY","255255255"
1450,"DTM","255255255"
1722,"DUNA","255255255"
589,"DUNE RED","255255255"
2175,"DURANT KEVIN","255255255"
468,"DUST PINK","255255255"
836,"DUSTY OLIVE","255255255"
1964,"DUSTY SAGE","255255255"
1732,"DUTCH BLUE","255255255"
1419,"DYED","255255255"
2231,"DYNAMIC BERRY","255255255"
1029,"DYNAMIC BLUE","255255255"
1310,"DYNAMIC PINK","255255255"
1332,"DYNAMIC RED","255255255"
1435,"DYNAMIC TURQ","255255255"
696,"DYNAMIC YELLOW","255255255"
2527,"DYNAMIC YELLOW","255255255"
940,"EARTH","255255255"
2607,"EARTH STRATA","255255255"
2129,"EASY GREEN","255255255"
542,"ECHO PINK","255255255"
465,"ECRU TINT S18","255255255"
2127,"ECRU TINT","255255255"
2546,"EGWH","255255255"
2523,"ELECTRIC ALGAE","255255255"
1030,"ELECTRIC FLASH","255255255"
673,"ELECTRIC GREEN","255255255"
1102,"ELECTRO ORANGE","255255255"
1031,"ELECTRO PINK","255255255"
2022,"ELECTRO PURPLE","255255255"
1367,"ELEMENTAL PINK","255255255"
2234,"ELEMENTAL GOLD","255255255"
2469,"ELETRIC","255255255"
2099,"ELETRIC FLUOR","255255255"
1257,"ELIADA","255255255"
609,"EMBER GLOW","255255255"
1139,"EMERALD GREEN","255255255"
946,"EMERALD RISE","255255255"
2156,"ENAMEL GREEN","255255255"
1175,"ENERGY","255255255"
1416,"ENERGY GLOW","255255255"
1213,"ENERGY INK","255255255"
1214,"ENERGY INK F17","255255255"
1775,"ENFLAME AMBER","255255255"
1131,"ENIGMA STONE","255255255"
764,"EQT YELLOW","255255255"
2445,"ERVA DOCE","255255255"
231,"ESCARLATE","255255255"
1311,"ESSENTIAL GREY","255255255"
179,"ESTAMPADO","255255255"
952,"EVERGREEN AURA","255255255"
2367,"FADED SPRUCE","255255255"
1551,"FAKE SMILE","255255255"
1560,"FAKE SMILE SUED","255255255"
1599,"FAKE SMILE BUTT","255255255"
1561,"FAVORS","255255255"
411,"FCB TRUE RED","255255255"
765,"FEATHER GREY","255255255"
233,"FERRO","255255255"
7,"FERRUGEM","255255255"
708,"FIELD PURPLE","255255255"
1079,"FIERCE GOLD","255255255"
2642,"FIERCE PINK","255255255"
329,"FIESTA","255255255"
2084,"FIGO","255255255"
1554,"FINGER","255255255"
1558,"FINGER RED","255255255"
2157,"FIR","255255255"
807,"FIRE PINK","255255255"
1341,"FIREBERRY","255255255"
2210,"FIREFLY","255255255"
2221,"FIREFLY","255255255"
1117,"FIREWOOD ORANGE","255255255"
1811,"FLAG","255255255"
1591,"FLAME B&W SUEDE","255255255"
1502,"FLAME BLACK CRE","255255255"
1524,"FLAME BLACK CAR","255255255"
1525,"FLAME BLACK CRI","255255255"
1613,"FLAME BLACK","255255255"
1526,"FLAME BLUSH LAV","255255255"
1614,"FLAME CARBON","255255255"
1517,"FLAME CREAM BLA","255255255"
1544,"FLAME CRIMSON C","255255255"
1612,"FLAME RED WHITE","255255255"
1527,"FLAME SILVER BL","255255255"
1528,"FLAME WHITE LAV","255255255"
360,"FLAMINGO","247150158"
2596,"FLASH AQUA","255255255"
691,"FLASH CRIMSON","255255255"
502,"FLASH ORANGE","255255255"
2154,"FLAT OPAL","255255255"
2057,"FLAT PEWTER","255255255"
1221,"FLAX","255255255"
599,"FLINT GREY","255255255"
1080,"FLINT GREY MET","255255255"
969,"FLOCOS DE NEVE","255255255"
2452,"FLORESTA","255255255"
733,"FLT GOLD","255255255"
947,"FLT SILVER","255255255"
1574,"FO BLACK","255255255"
1564,"FO GREY","255255255"
1575,"FO RED","255255255"
1576,"FO WHITE","255255255"
1687,"FOCUS BLUE","255255255"
1706,"FOCUS BLUE","255255255"
1656,"FOCUS OLIVE","255255255"
1664,"FOCUS ORANGE","255255255"
104,"FOG","255255255"
415,"FOOTBALL BLUE","255255255"
533,"FOOTBALL BLUE B","255255255"
534,"FOOTBALL BLUE B","255255255"
536,"FOOTBALL BLUE B","255255255"
881,"FOOTBALL GREY","255255255"
1240,"FOREST GREEN","255255255"
1333,"FOREST GREEN ME","255255255"
2214,"FORSYTHIA","255255255"
1174,"FOSCO","255255255"
105,"FOSFORESCENTE","255255255"
861,"FOSSIL","255255255"
1644,"FOSSIL LEAF GRN","255255255"
1860,"FOSSIL ROSE","255255255"
859,"FOSSIL STONE","255255255"
2038,"FRAPE","255255255"
1258,"FRESH CANDY","255255255"
973,"FROST MINT","255255255"
386,"FTWR WHITE","255255255"
766,"FTWWHT","255255255"
1568,"FU","255255255"
1536,"FU BLACK CAMO C","255255255"
1538,"FU BLACK CREAM","255255255"
1615,"FU BLACK CREAM","255255255"
1884,"FU BLUSH","255255255"
1639,"FUCHSIA","255255255"
711,"FUCHSIA BLAST","255255255"
2370,"FUCHSIA DREAM","255255255"
1423,"FUCHSIA GLOW","255255255"
106,"FUCSIA","255255255"
1198,"FUME","255255255"
1766,"FUSION RED","255255255"
681,"GALACTIC JADE","255255255"
1851,"GAME BLUE","255255255"
600,"GAME ROYAL","255255255"
2243,"GAME ROYAL HTR","255255255"
2003,"GAME ROYALPHOTO","255255255"
2279,"GAME ROYAL NO S","255255255"
2556,"GEADA LODEN","255255255"
1152,"GELATI","255255255"
22,"GELO","224228217"
269,"GELO METALICO","255255255"
1140,"GEODE TEAL","255255255"
2641,"GEODETEALJADEIC","255255255"
2379,"GEORGE PAUL","255255255"
363,"GRAFITE METALIC","255255255"
1133,"GHOST","255255255"
694,"GHOST AQUA","255255255"
880,"GHOST GREEN","255255255"
2378,"GIDDEY JOSH","255255255"
2446,"GIRASSOL","255255255"
1138,"GLACIER BLUE","255255255"
1981,"GLACIER BLUEGLA","255255255"
1098,"GLACIER ICE","255255255"
1032,"GLASS BLUE","255255255"
1033,"GLASS PINK","255255255"
1172,"GLEN GREEN","255255255"
900,"GLORY AMBER","255255255"
767,"GLORY BLUE","255255255"
768,"GLORY GREEN","255255255"
974,"GLORY GREY","255255255"
975,"GLORY MINT","255255255"
769,"GLORY PINK","255255255"
770,"GLORY PURPLE","255255255"
771,"GLORY RED","255255255"
433,"GLOW BLUE","255255255"
492,"GLOW GREEN","255255255"
452,"GLOW ORANGE","255255255"
429,"GLOW PINK","255255255"
107,"GOIABA","255255255"
108,"GOLD","255255255"
1374,"GOLD DUST","255255255"
494,"GOLD MET.","255255255"
1081,"GOLD METALLIC","255255255"
2190,"GOLD SUEDE","255255255"
2648,"GOLD SUEDE NO S","255255255"
538,"GOLDEN BEIGE","255255255"
1420,"GOLDEN BRONZE","255255255"
2166,"GOLDEN MOSS","255255255"
2584,"GOLF GREEN","255255255"
1761,"GORGE GREEN","255255255"
1202,"GRAF","255255255"
27,"GRAFITE","059059072"
1380,"GRAIN","255255255"
567,"GRAND PURPLE","255255255"
211,"GRANITO","255255255"
1034,"GRAVITY GREY","255255255"
1370,"GRAY","255255255"
193,"GREEN","255255255"
499,"GREEN","255255255"
1118,"GREEN ABYSS","255255255"
1454,"GREEN GLOW","255255255"
109,"GREEN NEON","255255255"
1752,"GREEN NOISE","255255255"
2135,"GREEN OXIDE","255255255"
944,"GREEN SPARK","255255255"
2524,"GREEN SPARK NO","255255255"
2525,"GREEN SPARK NO","255255255"
2508,"GREEN STONE","255255255"
941,"GREEN STRIKE","255255255"
772,"GREEN TINT","255255255"
976,"GRETHR","255255255"
441,"GREY","255255255"
1584,"GREY BLACK SUED","255255255"
531,"GREY BLEND","255255255"
1586,"GREY CHARCOAL","255255255"
1611,"GREY CREAM SUED","255255255"
389,"GREY FIVE","255255255"
830,"GREY FOG","255255255"
1975,"GREY FOGWHITEBL","255255255"
438,"GREY FOUR","255255255"
1628,"GREY GREY","255255255"
925,"GREY HEATHER","255255255"
2261,"GREY HEATHER BL","255255255"
2262,"GREY HEATHER BL","255255255"
2307,"GREY HEATHERBLA","255255255"
1489,"GREY MULTI","255255255"
454,"GREY ONE","255255255"
1572,"GREY SILVER","255255255"
388,"GREY SIX","255255255"
2412,"GREY SIX ABZU","255255255"
435,"GREY THREE","255255255"
443,"GREY TWO","255255255"
546,"GRIDIRON","255255255"
1868,"GRN","255255255"
1719,"GROU","255255255"
1640,"GRY","255255255"
1867,"GRY","255255255"
1162,"GUAVA ICE","255255255"
1082,"GUM","255255255"
705,"GUM LIGHT BROWN","255255255"
517,"GUM M1","255255255"
728,"GUM MED BROWN","255255255"
524,"GUM4","255255255"
2197,"GUNMETAL","255255255"
590,"GUNSMOKE","255255255"
2506,"GYM BLUE","255255255"
1449,"GYM GREEN","255255255"
602,"GYM RED","255255255"
1905,"HI-RES BLUE S18","255255255"
1483,"H. YELLOW","255255255"
1495,"H.YELLOW","255255255"
675,"HABANERO RED","255255255"
2288,"HACHIMURA RUI","255255255"
718,"HALF BLUE","255255255"
1259,"HALO BLUE","255255255"
1671,"HALO BLUSH","255255255"
1696,"HALO BLUSH","255255255"
1292,"HALO GOLD","255255255"
1267,"HALO GREEN","255255255"
1268,"HALO IVORY","255255255"
1684,"HALO MINT","255255255"
1704,"HALO MINT","255255255"
1260,"HALO SILVER","255255255"
2174,"HARDEN JAMES","255255255"
1312,"HARMONY GREEN","255255255"
1357,"HASTA","255255255"
631,"HAYSTACK","255255255"
518,"HAZE CORAL","255255255"
2238,"HAZEL RUSH","255255255"
1269,"HAZY BEIGE","255255255"
1270,"HAZY BLUE","255255255"
1402,"HAZY COPPER","255255255"
1271,"HAZY EMERALD","255255255"
1293,"HAZY ORANGE","255255255"
1261,"HAZY ROSE","255255255"
1272,"HAZY SKY","255255255"
1234,"HEALING JADE","255255255"
1167,"HEALING JADE","255255255"
1125,"HEALING ORANGE","255255255"
977,"HEMP","255255255"
1885,"HEMP SMILE","255255255"
2654,"HEMPBLACK","255255255"
1400,"HI","255255255"
2233,"HI VIS YELLOW","255255255"
408,"HI-RES AQUA","255255255"
434,"HI-RES CORAL","255255255"
418,"HI-RES GREEN S1","255255255"
401,"HI-RES ORANGE S","255255255"
481,"HI-RES RED S18","255255255"
1773,"HI-RES RED","255255255"
513,"HI-RES YELLOW","255255255"
1314,"HIGH VIS GREEN","255255255"
1083,"HIGH VIS ORANGE","255255255"
1375,"HIGH VOLTAGE","255255255"
312,"HIPER COBALTO","255255255"
186,"HIPER PINK","255255255"
311,"HIPER TURQUESA","255255255"
310,"HIPER VIOLETA","255255255"
1840,"HONEYDEW","255255255"
1035,"HORIZON BLUE","255255255"
33,"HORTELA","255255255"
2437,"HORTENCIA","255255255"
1948,"HOT CURRY","255255255"
1148,"HOT LIME","255255255"
110,"HOT PINK","255255255"
1150,"HOT PUNCH","255255255"
657,"HTR","255255255"
1315,"HUMBLE BLUE","255255255"
1501,"HUSH PINK","255255255"
929,"HYDROGEN BLUE","255255255"
1537,"HYENA BLACK CRE","255255255"
1519,"HYENA CHEATER D","255255255"
1262,"HYLTE","255255255"
1403,"HYLTE GLOW","255255255"
632,"HYPER BLUE","255255255"
2063,"HYPER COBALT","255255255"
868,"HYPER CRIMSON","255255255"
693,"HYPER GRAPE","255255255"
664,"HYPER JADE","255255255"
721,"HYPER ORANGE","255255255"
607,"HYPER PINK","255255255"
1176,"HYPER PUNCH","255255255"
1316,"HYPER PURPLE","255255255"
570,"HYPER ROYAL","255255255"
874,"HYPER TURQ","255255255"
699,"HYPER VIOLET","255255255"
111,"ICE","255255255"
112,"ICE BLUE","255255255"
1480,"ICE FALL","255255255"
467,"ICE MINT","255255255"
2626,"ICE PEACH","255255255"
113,"ICE PINK","255255255"
1669,"ICE PURPLE","255255255"
867,"ICE SILVER","255255255"
114,"ICE VIOLETA","255255255"
844,"ICED LILAC","255255255"
1158,"ILLUSION GREEN","255255255"
2131,"IMPACT ORANGE","255255255"
1760,"IMPERIAL BLUE","255255255"
370,"IMPERIAL PALACE","255255255"
803,"IMPERIAL PURPLE","255255255"
249,"INDIGO","255255255"
1383,"INDIGO BURST","255255255"
1541,"INDIGO CREAM","255255255"
706,"INDIGO FOG","255255255"
605,"INDIGO FORCE","255255255"
1228,"INDIGO HAZE","255255255"
1608,"INDIGO SILVER","255255255"
2382,"INDIGO STORM","255255255"
1578,"INDIGO SUEDE","255255255"
1602,"INDIGO SUEDE CR","255255255"
812,"INDUSTRIAL BLUE","255255255"
878,"INFINITE GOLD","255255255"
840,"INFINITE LILAC","255255255"
2381,"INFRARED 23","255255255"
223,"INK","255255255"
1036,"INSTINCT RED","255255255"
1037,"INT-BLACK","255255255"
1038,"INT-WHITE","255255255"
2065,"IRF","255255255"
1238,"IRIDESCENT","255255255"
1751,"IRIS WHISPER","255255255"
2322,"IRISH CREAM","255255255"
816,"IRON GREY","255255255"
2631,"IRON GREYBLACK","255255255"
2512,"IRON GREYPARTIC","255255255"
472,"IRON MET.","255255255"
1366,"IRONSTONE","255255255"
2321,"JACARANDÁ VIOLE","255255255"
2072,"JACQUARD CINZA","255255255"
2074,"JACQUARD COLORI","255255255"
58,"JADE","255255255"
549,"JADE HORIZON","255255255"
2614,"JADE ICE","255255255"
1745,"JADE SMOKE","255255255"
642,"JADE STONE","255255255"
2179,"JAMES LEBRON","255255255"
364,"JELLY FLAKE COL","255255255"
2185,"JERSEY GOLD","255255255"
1581,"JESUS CREAM","255255255"
2280,"JOKIC NIKOLA","255255255"
2087,"JESTER RED","255255255"
2552,"KELLY GREEN","255255255"
1500,"KELP","255255255"
1437,"KEY LIME","255255255"
937,"KHAKI","191175146"
2151,"KHAKI","191175146"
1971,"KHAKISUMMIT WHI","255255255"
2025,"KHK","255255255"
213,"KIWI","255255255"
1550,"KNIT RAINBOW","255255255"
594,"KUMQUAT","255255255"
1381,"LAGOON PULSE","255255255"
1222,"LAKE BLUE","255255255"
1446,"LAPIS","255255255"
165,"LARANJA","226088062"
2078,"LARANJA CORAL","255255255"
2085,"LARANJA DOURADO","207137072"
2068,"LARANJA ANTIGO","255255255"
1396,"LARANJA BEGONIA","255255255"
2467,"LARANJA BRONZE","255255255"
206,"LARANJA CITRICO","255255255"
1888,"LARANJA CITRUS","255255255"
2438,"LARANJA CITRO","255255255"
308,"LARANJA CLARO","255255255"
2460,"LARANJA CLARO","255255255"
328,"LARANJA CYBER F","255255255"
332,"LARANJA CYBER","255255255"
2561,"LARANJA ENERGET","255255255"
318,"LARANJA ESCURO","255255255"
1194,"LARANJA GLITTER","255255255"
2458,"LARANJA INDIA","255255255"
115,"LARANJA LUX","255255255"
116,"LARANJA NEON","255255255"
232,"LARANJA NEGRITO","255255255"
2425,"LARANJA ORIOLE","255255255"
302,"LARANJA PETIPOA","255255255"
2465,"LARANJA QUEIMAD","255255255"
268,"LARANJA SOLAR","255255255"
739,"LARANJA VIBRANT","215061038"
2461,"LARANJA VIBRANT","255255255"
815,"LASER BLUE","255255255"
725,"LASER CRIMSON","255255255"
700,"LASER FUCHSIA","255255255"
879,"LASER ORANGE","255255255"
678,"LAVA GLOW","255255255"
41,"LAVANDA","255255255"
2462,"LAVANDA CLARO","255255255"
1648,"LAVENDER","255255255"
1516,"LAVENDER BLACK","255255255"
1512,"LAVENDER CREAM","255255255"
1520,"LAVENDER LAVEND","255255255"
630,"LAVENDER MIST","255255255"
2171,"LAVINE ZACH","255255255"
2193,"LECHE BLUE","255255255"
1906,"LEGACY BU","255255255"
773,"LEGACY BLUE","255255255"
457,"LEGACY GREEN","255255255"
1907,"LEGACY INDIGO","255255255"
774,"LEGACY PURPLE","255255255"
1003,"LEGACY RED","255255255"
1921,"LEGACY TEAL","255255255"
426,"LEGEND EARTH","255255255"
398,"LEGEND INK","255255255"
528,"LEGEND IVY","255255255"
390,"LEGEND MARINE","255255255"
514,"LEGEND PURPLE","255255255"
956,"LEGGRN","255255255"
957,"LEGINK","255255255"
2239,"LEMON CHIFFON","255255255"
2646,"LEMON CHIFFON N","255255255"
1466,"LEMON DROP","255255255"
839,"LEMON VENOM","255255255"
2163,"LEMON WASH","255255255"
2172,"LEONARD KAWHI","255255255"
523,"LGH SOLID GREY","255255255"
2639,"LICHEN BROWN","255255255"
525,"LIGHT AQUA","255255255"
1386,"LIGHT ARMY","255255255"
591,"LIGHT BLUE","199227225"
655,"LIGHT BONE","255255255"
2258,"LIGHT BONEPHANT","255255255"
1947,"LIGHT BORDEAUX","255255255"
1579,"LIGHT CARBON SU","255255255"
890,"LIGHT CREAM","255255255"
1958,"LIGHT CURRY","255255255"
1980,"LIGHT CURRYLIGH","255255255"
1422,"LIGHT DEW","255255255"
904,"LIGHT FLASH RED","255255255"
1004,"LIGHT FLASH ORA","255255255"
1294,"LIGHT FOOTBALL","255255255"
503,"LIGHT GRANITE","255255255"
902,"LIGHT GREY HEAT","255255255"
906,"LIGHT GREY","255255255"
1168,"LIGHT MARINE","255255255"
1767,"LIGHT MENTA","255255255"
1368,"LIGHT MULBERRY","255255255"
1864,"LIGHT OLIVE","255255255"
461,"LIGHT ONIX","255255255"
117,"LIGHT PINK","255255255"
775,"LIGHT PINK","255255255"
1433,"LIGHT PUMICE","255255255"
1005,"LIGHT PURPLE","255255255"
674,"LIGHT REDWOOD","255255255"
1425,"LIGHT SIENNA","255255255"
1134,"LIGHT SILVER","255255255"
2266,"LIGHT SILVERLIG","255255255"
2515,"LIGHT SILVERSAI","255255255"
635,"LIGHT SOFT PINK","255255255"
1951,"LIGHT STONE","255255255"
916,"LIGHT THISTLE","255255255"
875,"LIGHT VIOLET","255255255"
1746,"LILAC","255255255"
1039,"LILAC GLOW F17-","255255255"
834,"LILAC MIST","255255255"
44,"LILAS","255255255"
737,"LILAS ANOITECER","255255255"
118,"LILAS BEBE","255255255"
1395,"LILAS CALMO","255255255"
119,"LILAS CLARO","255255255"
289,"LILAS ESCURO","255255255"
1195,"LILAS GLITTER","255255255"
738,"LILAS LAVANDA","149159183"
120,"LILAS LIGHT","255255255"
2097,"LILAS MOONLIGHT","255255255"
894,"LILAS NEVOA","255255255"
122,"LILAS PASTEL 2","255255255"
121,"LILAS PASTEL","255255255"
1211,"LILAS PEROLADO","255255255"
123,"LILAS SOFT","255255255"
1770,"LILAS TRANSPARE","255255255"
2285,"LILLARD DAMIAN","255255255"
172,"LIMA","255255255"
2428,"LIMA LIGHT","255255255"
124,"LIMAO","255255255"
2627,"LIME BLAST","255255255"
1371,"LIME GLOW","255255255"
1736,"LIME ICE","255255255"
2583,"LIMEADE","255255255"
809,"LIMELIGHT","255255255"
1942,"LIMESTONE","255255255"
412,"LINEN","245227207"
2130,"LINEN GREEN","255255255"
2041,"LISTRADO","255255255"
1720,"LISTRAS CORAL","255255255"
1792,"LIVING IN BLUE","255255255"
343,"LARANJA TELHA","255255255"
1928,"LILAS MO GLITTE","255255255"
1762,"LOBSTER","255255255"
1233,"LOTUS PINK","255255255"
1571,"LOVE KILLS","255255255"
1114,"LOYAL BLUE","255255255"
2522,"LOYAL BLUE NO S","255255255"
1101,"LT ARCTIC PINK","255255255"
817,"LT ARMORY BLUE","255255255"
1869,"LT BLU","255255255"
1369,"LT BLUE FURY","255255255"
2244,"LT BONE","255255255"
1654,"LT BONE-WHITE","255255255"
551,"LT BRITISH TAN","255255255"
1769,"LT CHOCOLATE","255255255"
1847,"LT COGNAC","255255255"
2528,"LT CREAM","255255255"
1226,"LT CRIMSON","255255255"
1350,"LT FUSION RED","255255255"
2628,"LT FUSION REDBL","255255255"
910,"LT GAME RYL HTR","255255255"
1852,"LT GREEN SPARK","255255255"
2531,"LT GREEN SPARK","255255255"
1638,"LT GREY","255255255"
2199,"LT GRN","255255255"
1963,"LT IRON ORE","255255255"
1735,"LT LEMON TWIST","255255255"
1356,"LT LIQUID LIME","255255255"
1944,"LT MADDER ROOT","255255255"
2496,"LT MARINE","255255255"
930,"LT OREWOOD BRN","255255255"
624,"LT PHOTO BLUE","255255255"
1870,"LT PINK","255255255"
1447,"LT RACER BLUE","255255255"
2254,"LT SILVER","255255255"
671,"LT SMOKE GREY","255255255"
2656,"LT SMOKE GREY I","255255255"
2252,"LT SOFT PINK","255255255"
1246,"LT UNIV RED HTR","255255255"
1740,"LT VIOLET ORE","255255255"
2253,"LT VIOLET","255255255"
1241,"LT ZITRON","255255255"
1084,"LT. GREY","255255255"
1645,"LT.YELLOW","255255255"
2338,"LUCID BLUE","255255255"
2600,"LUCID CYAN","255255255"
2339,"LUCID FUCHSIA","255255255"
579,"LUCID GREEN","255255255"
2592,"LUCID LEMON","255255255"
2612,"LUCID LIME","255255255"
2608,"LUCID PINK","255255255"
487,"LUCKY BLUE","255255255"
920,"LUCKY GREEN","255255255"
2653,"LUMINOUS GREEN","255255255"
1317,"LUMINOUS LILAC","255255255"
1006,"LUSH BLUE","255255255"
2356,"LUSH RED","255255255"
1440,"LYON BLUE","255255255"
2118,"Lilás","255255255"
1909,"MAGIC MAUVE","255255255"
1787,"M. ASTER","255255255"
2024,"MADDER ROOT","255255255"
275,"MADEIRA","255255255"
1908,"MAGIC GREY","255255255"
1637,"MAGENTA","255255255"
2144,"MAGIC BEIGE","255255255"
841,"MAGIC EMBER","255255255"
804,"MAGIC FLAMINGO","255255255"
1922,"MAGIC GREY MET","255255255"
820,"MAGMA ORANGE","255255255"
554,"MAHOGANY","255255255"
2054,"MALACHITE","255255255"
2264,"MALACHITE BLACK","255255255"
2305,"MALACHITEBLACK","255255255"
1385,"MALT","255255255"
62,"MALVA","255255255"
1112,"MANTRA ORANGE","255255255"
2094,"MAR","255255255"
359,"MARAVILHA FLUOR","255255255"
125,"MARAVILHA","255255255"
23,"MARFIM","255255255"
575,"MARINA","255255255"
1999,"MARINALT SMOKE","255255255"
2010,"MARINAWHITE","255255255"
126,"MARINHO","255255255"
2475,"MARINHO ACQUA","255255255"
245,"MARINHO COLEGIA","255255255"
246,"MARINHO DESBOTA","255255255"
1399,"MARINHO METALIC","255255255"
2488,"MARINHO.","255255255"
2493,"MARINHO.","255255255"
440,"MAROON","255255255"
20,"MARROM","102051000"
259,"MARROM CLARO","151124097"
274,"MARROM ESCURO","255255255"
1197,"MARROM MUNDI","255255255"
1318,"MARS RED","255255255"
2315,"MASCAVO","255255255"
2572,"MATCHA MILK","255255255"
2143,"MATT PURPLE MET","255255255"
2146,"MATT PURPLE MET","255255255"
493,"MATTE GOLD","255255255"
1969,"MATTE OLIVE","255255255"
456,"MATTE SILVER","255255255"
439,"MAUVE","255255255"
1345,"MEAN GREEN","255255255"
2249,"MED ASH","255255255"
2274,"MED BLUE","255255255"
2251,"MED OLIVE","255255255"
2158,"MED SOFT PINK","255255255"
2083,"MEDIEVAL BLUE","255255255"
2108,"MEDIEVAL BLUE","042048078"
1961,"MEDIUM ASH","255255255"
1953,"MEDIUM BLUE","255255255"
427,"MEDIUM GREY HEA","255255255"
1220,"MEDIUM GREY","255255255"
548,"MEDIUM OLIVE","255255255"
1353,"MEDIUM SILVER","255255255"
703,"MEDIUM VIOLET","255255255"
918,"MEGA BLUE","255255255"
267,"MEIA NOITE","255255255"
127,"MELANCIA","255255255"
1144,"MELON TINT","255255255"
128,"MENTA","255255255"
2270,"MERCURY GREY","255255255"
1040,"MERLOT","255255255"
453,"MESA","255255255"
219,"MESCLA","255255255"
2564,"MESCLA","255255255"
2589,"MESCLA/MARINHO","255255255"
1007,"MET. GOLD MELAN","255255255"
776,"METAL GREY","255255255"
236,"METALICO","255255255"
561,"METALLIC COPPER","255255255"
663,"METALLIC GOLD","255255255"
2000,"METALLIC GOLDLU","255255255"
2530,"METALLIC GOLD N","255255255"
587,"METALLIC SILVER","255255255"
777,"METALLIC SILVER","255255255"
1991,"METALLIC SILVER","255255255"
2011,"METALLIC SILVER","255255255"
1041,"METEOR GREY","255255255"
954,"METGRY","255255255"
1008,"METSIL","255255255"
425,"MGH SOLID GREY","255255255"
2562,"MICA GREEN","255255255"
545,"MIDNIGHT NAVY","255255255"
1046,"MIDNIGHT SHADOW","255255255"
606,"MIDNIGHT TURQ","255255255"
917,"MIDWEST GOLD","255255255"
1880,"MILITARY","255255255"
964,"MILITARY BLUE","255255255"
1650,"MILITARY CREAM","255255255"
1617,"MILITARY CREAM","255255255"
2615,"MINERAL","255255255"
1946,"MINERAL CLAY","255255255"
1968,"MINERAL SLATE","255255255"
603,"MINERAL TEAL","255255255"
882,"MINERAL YELLOW","255255255"
948,"MINT FOAM","255255255"
1990,"MINT FOAMCANYON","255255255"
1910,"MINT RUSH","255255255"
1691,"MINT TON","255255255"
225,"MISTIC","255255255"
2287,"MITCHELL DONOVN","255255255"
1453,"MONARCH","255255255"
717,"MONSOON BLUE","255255255"
1747,"MOON FOSSIL","255255255"
36,"MORANGO","255255255"
129,"MORANGO 2","255255255"
2282,"MORANT JA","255255255"
1415,"MORFOG","255255255"
1319,"MORNING FOG","255255255"
2505,"MOSS","255255255"
346,"MOSTARDA","255255255"
679,"MOUNTAIN BLUE","255255255"
962,"MSILVE","255255255"
342,"MARSALA","255255255"
1857,"MTLC ARMORY NVY","255255255"
1456,"MTLC BRONZE","255255255"
666,"MTLC COOL GREY","255255255"
1855,"MTLC COPPERCOIN","255255255"
2268,"MTLC COPPER","255255255"
677,"MTLC DARK GREY","255255255"
685,"MTLC GOLD GRAIN","255255255"
963,"MTLC GOLD STAR","255255255"
1382,"MTLC GOLD COIN","255255255"
2269,"MTLC GOLD","255255255"
670,"MTLC HEMATITE","255255255"
683,"MTLC IRON ORE","255255255"
2021,"MTLC LUSTER","255255255"
1854,"MTLC MAHOGANY","255255255"
877,"MTLC PEWTER","255255255"
689,"MTLC PLATINUM","255255255"
692,"MTLC RED BRONZE","255255255"
1988,"MTLC RED BRONZE","255255255"
2271,"MTLC SILVER","255255255"
2272,"MTLC SUMMIT WHT","255255255"
2187,"MTLC VIVID GOLD","255255255"
562,"MULTI","255255255"
1795,"MULTI","255255255"
978,"MULTI COLOR CA","255255255"
1464,"MULTI COLOR","255255255"
2383,"MULTI COLOR","255255255"
260,"MULTICOLOR","255255255"
778,"MULTICOLOR","255255255"
208,"MULTICORES","255255255"
11,"MUSGO","133121070"
933,"MUSLIN","255255255"
1592,"MUSTARD CREAM","255255255"
2138,"MYSTERY BLUE","255255255"
470,"MYSTERY INK F17","255255255"
1147,"MYSTIC DATES","255255255"
593,"MYSTIC GREEN","255255255"
1049,"MYSTIC GREY","255255255"
1952,"MYSTIC HIBISCUS","255255255"
595,"MYSTIC NAVY","255255255"
2016,"MYSTIC NAVYARCH","255255255"
2532,"MYSTIC NAVY NO","255255255"
862,"MYSTIC RED","255255255"
1122,"MYSTIC STONE","255255255"
1445,"MYSTIC TEAL","255255255"
641,"NATURAL","255255255"
34,"NAVY","255255255"
1827,"NAVY","255255255"
2586,"NAVY BLAZER","255255255"
1818,"NAVY FLAME","255255255"
1563,"NAVY GUM SUEDE","255255255"
1047,"NAVY W VECTOR","255255255"
2324,"NECTAR","255255255"
2416,"NECTAR","255255255"
1127,"NEO TEAL","255255255"
849,"NEO TURQ","255255255"
198,"NEON","255255255"
1085,"NEON BLUE","255255255"
1334,"NEON MINT","255255255"
2034,"NEPTUNE BLUE","255255255"
886,"NEPTUNE GREEN","255255255"
560,"NEUTRAL GREY","255255255"
2366,"NEUTRAL OLIVE","255255255"
2658,"NEUTRAL OLIVEBL","255255255"
2417,"NEVOA","255255255"
1110,"NEW GREEN","255255255"
2273,"NEW MAROON","255255255"
1237,"NEW ORCHID","255255255"
901,"NEW ROSE","255255255"
1137,"NEWSPRINT","255255255"
1171,"NIGHT BLACK","255255255"
421,"NIGHT CARGO","255255255"
2061,"NIGHT FOREST","255255255"
2340,"NIGHT GREY","255255255"
410,"NIGHT INDIGO","255255255"
460,"NIGHT MARINE","255255255"
556,"NIGHT MAROON","255255255"
486,"NIGHT MET.","255255255"
1050,"NIGHT NAVY","255255255"
2194,"NIGHTSHADE","255255255"
475,"NOBLE GREEN","255255255"
1086,"NOBLE GREY MET","255255255"
396,"NOBLE INDIGO S1","255255255"
979,"NOBLE PURPLE","255255255"
665,"NOBLE RED","255255255"
2371,"NOISE AQUA","255255255"
242,"NOITE FLASH","255255255"
779,"NON-DYED","255255255"
1411,"NON-DYED","255255255"
980,"NONE","255255255"
2,"NOVO GRAFITE","255255255"
373,"NOVO GRAPHITE","255255255"
64,"NUDE","255255255"
375,"NUDE BRONZE","255255255"
353,"NUDE ROSA","221146137"
365,"NUDE SALMAO","250154133"
1641,"NVY","255255255"
1866,"NVY","255255255"
1800,"O. YELLOW","255255255"
1097,"OATMEAL","255255255"
2235,"OATMEAL HEATHER","255255255"
307,"OBSIDIAN","255255255"
813,"OBSIDIAN MIST","255255255"
2498,"OBSIDIAN NO SPO","255255255"
2633,"OBSIDIANTRACK R","255255255"
2369,"OCEAN BLISS","255255255"
616,"OCEAN CUBE","255255255"
559,"OCEAN FOG","255255255"
6,"OCRE","214175102"
252,"OCRE CRU","255255255"
362,"OCRE METALICO","255255255"
626,"OFF NOIR","255255255"
2004,"OFF NOIRBLACKEN","255255255"
780,"OFF WHITE","255255255"
2043,"OFF WHITE","242240235"
824,"OIL GREEN","255255255"
620,"OIL GREY","255255255"
1145,"OLD ROYAL","255255255"
54,"OLIVA","255255255"
1779,"OLIVE","255255255"
835,"OLIVE AURA","255255255"
716,"OLIVE FLAK","255255255"
1142,"OLIVE GREY","255255255"
2396,"OLIVE STRATA","255255255"
230,"ONIX","255255255"
447,"ONIX","255255255"
228,"ONIX CLARO","255255255"
273,"ONIX NEGRITO","255255255"
823,"OPTI YELLOW","255255255"
914,"ORACLE AQUA","255255255"
1911,"ORANGE RUSH","255255255"
529,"ORANGE","255255255"
1830,"ORANGE CHALK","255255255"
1335,"ORANGE FLARE","255255255"
1141,"ORANGE FROST","255255255"
1387,"ORANGE PEARL","255255255"
2192,"ORANGE PEEL","255255255"
712,"ORANGE PULSE","255255255"
981,"ORANGE TINT","255255255"
926,"ORANGE TRANCE","255255255"
1658,"ORBIT GREEN","255255255"
781,"ORBIT GREY","255255255"
1680,"ORBIT INDIGO","255255255"
1714,"ORBIT INDIGO","255255255"
1659,"ORBIT VIOLET","255255255"
1697,"ORBIT VIOLET","255255255"
2167,"ORCHID","255255255"
2606,"ORCHID FUSION","255255255"
466,"ORCHID TINT S18","255255255"
1799,"ORG","255255255"
1619,"ORGANGE","255255255"
1646,"ORNG","255255255"
2473,"ORQUIDEA","255255255"
61,"OURO","255255255"
1190,"OURO GLITTER PR","255255255"
1179,"OURO LIGHT","255255255"
1189,"OURO METALIZADO","255255255"
49,"OURO MILD","255255255"
315,"OURO NOVO","255255255"
12,"OURO VELHO","255255255"
1956,"OXEN BROWN","255255255"
1477,"OXFORD GREY","255255255"
1482,"OXFORD GREY","255255255"
2499,"OXYGEN PURPLE","255255255"
2500,"OXYGEN PURPLE","255255255"
1100,"OZONE BLUE","255255255"
1475,"P.CORN","255255255"
1484,"P.V. ROSE","255255255"
658,"PACIFIC BLUE","255255255"
1737,"PALE CORAL","255255255"
552,"PALE IVORY","255255255"
2588,"PALE KHAKI","255255255"
1460,"PALE VANILLA","255255255"
2544,"PALE VANILLABAL","255255255"
1320,"PALE YELLOW","255255255"
2494,"PALEST PURPLE","255255255"
782,"PANTONE","255255255"
1340,"PARACHUTE BEIGE","255255255"
2153,"PARAMOUNT BLUE","255255255"
2296,"PARAMOUNT BLUE","255255255"
2582,"PARASAILING GRE","255255255"
1155,"PARTICLE BEIGE","255255255"
713,"PARTICLE GREY","255255255"
847,"PARTICLE ROSE","255255255"
1413,"PATINA PINK","255255255"
2644,"PCG3C","255255255"
2283,"PCONN","255255255"
1426,"PEACH CREAM","255255255"
2555,"PEACH PINK","255255255"
1731,"PEACH STONE","255255255"
168,"PEACOAT","255255255"
949,"PEARL PINK","255255255"
1436,"PEARL WHITE","231233231"
1823,"PEBBLESTONE","255255255"
1976,"PECAN","255255255"
2159,"PEPPER RED","255255255"
38,"PEROLA","255255255"
296,"PEROLADO","255255255"
1205,"PEROLADO LILAS","255255255"
873,"PERSIAN VIOLET","255255255"
130,"PESSEGO","248163157"
131,"PETROLEO","255255255"
333,"PETUNIA","255255255"
2547,"PFWH","255255255"
638,"PHANTOM","255255255"
650,"PHOTO BLUE","255255255"
722,"PHOTON DUST","255255255"
2659,"PHOTON DUSTOBSI","255255255"
2236,"PICANTE RED","255255255"
2155,"PILGRIM","255255255"
682,"PINE GREEN","255255255"
2089,"PINGADO","255255255"
14,"PINHAO","255255255"
174,"PINK","255255255"
1225,"PINK BEAM","255255255"
1822,"PINK BEIGE","255255255"
585,"PINK BLAST","255255255"
2375,"PINK BLOOM","255255255"
1890,"PINK ELETRIC","255255255"
2470,"PINK FLUOR","255255255"
653,"PINK FOAM","255255255"
950,"PINK FOAM","255255255"
1106,"PINK FOAM","255255255"
1151,"PINK FOAM","255255255"
2604,"PINK FUSION","255255255"
646,"PINK GAZE","255255255"
2191,"PINK GAZE","255255255"
1344,"PINK GLAZE","255255255"
931,"PINK GLOW","255255255"
2328,"PINK LEMONADE","255255255"
184,"PINK METALIZADO","255255255"
237,"PINK NEGRITO","255255255"
132,"PINK NEON","255255255"
1448,"PINK OXFORD","255255255"
2304,"PINK OXFORDBLAC","255255255"
2314,"PINK OXFORDBARE","255255255"
2418,"PINK PARADISE","255255255"
1966,"PINK PRIME","255255255"
1996,"PINK PRIMESANGR","255255255"
604,"PINK QUARTZ","255255255"
723,"PINK RISE","255255255"
1738,"PINK SALT","255255255"
270,"PINK SOLAR","255255255"
2373,"PINK SPELL","255255255"
783,"PINK SPIRIT","255255255"
2392,"PINK STRATA","255255255"
982,"PINK TINT","255255255"
1105,"PINKSICLE","255255255"
966,"PIRULITO","255255255"
176,"PISCINA","255255255"
133,"PISTACHE","255255255"
854,"PISTACHIO FROST","255255255"
227,"PITANGA","255255255"
1087,"PIXEL PINK","255255255"
490,"PLATIN MET.","255255255"
558,"PLATINUM TINT","255255255"
2009,"PLATINUM TINTSI","255255255"
845,"PLATINUM VIOLET","255255255"
2380,"PLAYER 2","255255255"
2619,"PLAYFUL PINK","255255255"
2478,"PLUM","255255255"
846,"PLUM CHALK","255255255"
2372,"PLUM ECLIPSE","255255255"
2635,"PLUM ECLIPSE WH","255255255"
2636,"PLUM ECLIPSE AD","255255255"
885,"PLUM FOG","255255255"
959,"PNKSPI","255255255"
1242,"POISON GREEN","255255255"
1743,"POLAR","255255255"
923,"POLARIZED BLUE","255255255"
1763,"POLLEN","255255255"
889,"POLLEN RISE","255255255"
1831,"POMEGRANATE","255255255"
1861,"POMEGRANATE","255255255"
905,"POP","255255255"
1042,"POPLAR GREEN","255255255"
1051,"PORCELAIN","255255255"
1321,"PORCELAIN PINK","255255255"
983,"POWER BERRY","255255255"
898,"POWER BLUE","255255255"
1052,"POWER NAVY","255255255"
984,"POWER PINK","255255255"
382,"POWER RED","255255255"
1465,"PRALINE","255255255"
51,"PRATA","255255255"
331,"PRATA BRILHANTE","255255255"
134,"PRATA CLARO","255255255"
247,"PRATA FOSCO","255255255"
48,"PRATA LUNAR","255255255"
234,"PRATA METALICA","255255255"
262,"PRATA METALICO","255255255"
317,"PRATA REFLETIVO","255255255"
2390,"PRELOVED BLUE","255255255"
2394,"PRELOVED RED","255255255"
2613,"PRELOVED YELLOW","255255255"
2485,"PRETO;BRANCO;CI","255255255"
4,"PRETO","000000000"
1200,"PRETO BRONZE","255255255"
178,"PRETO ESTAMPADO","255255255"
1199,"PRETO GLITTER","255255255"
1201,"PRETO GLITTER P","255255255"
303,"PRETO PETIPOA","255255255"
350,"PRETO ROCK","255255255"
2114,"PRETO-BRANCO","255255255"
2225,"PRETO/VERMELHO/","255255255"
1556,"PRIMARY SUEDE","255255255"
279,"PRINT","255255255"
1865,"PRISM PINK","255255255"
1109,"PRO GREEN","255255255"
1053,"PROUD PINK","255255255"
649,"PSYCHIC BLUE","255255255"
652,"PSYCHIC PINK","255255255"
598,"PSYCHIC PURPLE","255255255"
2477,"PTA LUNAR","255255255"
833,"PUEBLO RED","255255255"
1776,"PULSE AQUA","255255255"
2133,"PULSE BLUE","255255255"
2140,"PULSE LILAC","255255255"
1923,"PULSE LIME","255255255"
2357,"PULSE MAGENTA","255255255"
1924,"PULSE MINT","255255255"
2132,"PULSE OLIVE","255255255"
1715,"PULSE YELLOW","255255255"
636,"PUMICE","255255255"
2090,"PUMICE STONE","255255255"
863,"PURE","255255255"
1054,"PURE GREY 2","255255255"
1055,"PURE GREY 3","255255255"
1056,"PURE GREY 4","255255255"
1057,"PURE GREY 5","255255255"
1058,"PURE GREY 6","255255255"
614,"PURE PLATINUM","255255255"
2497,"PURE PLATINUM C","255255255"
1749,"PURE VIOLET","255255255"
704,"PURPLE","255255255"
2255,"PURPLE","255255255"
1438,"PURPLE CHALK","255255255"
2617,"PURPLE COSMOS","255255255"
1759,"PURPLE DAWN","255255255"
2341,"PURPLE GLOW","255255255"
2624,"PURPLE INK","255255255"
871,"PURPLE NEBULA","255255255"
1243,"PURPLE PULSE","255255255"
2342,"PURPLE RUSH","255255255"
1346,"PURPLE SMOKE","255255255"
1461,"PURPLE STARDUST","255255255"
784,"PURPLE TINT","255255255"
1807,"PURPLE ZEBRA","255255255"
199,"PURPURA","255255255"
967,"PURPURA JELLY G","255255255"
1491,"PVR","255255255"
1009,"PYRITE","255255255"
2033,"Preto/Branco","255255255"
876,"QUANTUM MOSS","255255255"
1912,"QUIET CRIMSON","255255255"
2548,"R AFB","255255255"
1486,"R.NAVY","255255255"
1481,"R.P.RED","255255255"
569,"RACER BLUE","255255255"
710,"RACER PINK","255255255"
1410,"RADIANT AQUA","255255255"
1322,"RADIANT AQUA","255255255"
2150,"RAFIA","255255255"
1377,"RAGE GREEN","255255255"
1163,"RAINBOW","255255255"
2420,"RANDLE JULIUS","255255255"
2363,"RAPID TEAL","255255255"
1470,"RASTA","255255255"
59,"RATO","255255255"
1771,"RATTAN","255255255"
1844,"RATTAN","255255255"
1863,"RATTAN","255255255"
985,"RAW AMBER","255255255"
428,"RAW KHAKI","255255255"
489,"RAW KHAKI MEL","255255255"
430,"RAW PINK","255255255"
437,"RAW WHITE","255255255"
955,"RAWDES","255255255"
495,"REAL BLUE","255255255"
397,"REAL MAGENTA","255255255"
451,"REAL PINK S18","255255255"
1713,"REAL PINK","255255255"
459,"REAL RED","255255255"
928,"REB STARDUST","255255255"
476,"RED","255255255"
2195,"RED","255255255"
806,"RED BARK","255255255"
1957,"RED CLAY","255255255"
726,"RED ORBIT","255255255"
1376,"RED PLUM","255255255"
2618,"RED STARDUST","255255255"
2240,"RED STONE HEATH","255255255"
2638,"RED STONE HEATH","255255255"
2585,"RED VELVET","255255255"
1853,"REDSTONE","255255255"
1088,"REEBOK RUBBER G","255255255"
2651,"REFBLK","255255255"
715,"REFLECT GOLD","255255255"
731,"REFLECT SILVER","255255255"
399,"REFLECTIVE SILV","255255255"
482,"REFLECTIVE","255255255"
1216,"REFLECTIVE SILV","255255255"
1813,"REFLECTIVE FLAM","255255255"
2386,"REFLECTIVE SLVR","255255255"
2537,"REFLECTIVE SILV","255255255"
2550,"REFLECTIVE SILV","255255255"
1734,"REGAL PINK","255255255"
1089,"REGAL PURPLE","255255255"
135,"REGATA","255255255"
857,"REGENCY PURPLE","255255255"
1408,"RES YELLOW","255255255"
1059,"RICH OCHRE","255255255"
1323,"RICH RED","255255255"
1364,"RIDGEROCK","255255255"
1742,"RIFTBLUE","255255255"
2183,"RIO TEAL","255255255"
1833,"ROMA GREEN","255255255"
24,"ROSA","255255255"
2402,"ROSA","255255255"
13,"ROSA BALLET","255255255"
2490,"ROSA BALLET.","255255255"
348,"ROSA BATOM","203098143"
136,"ROSA BEBE","255255255"
2441,"ROSA BLUSH","255255255"
297,"ROSA BONECA","255255255"
294,"ROSA CERAMICA","255255255"
45,"ROSA CHICLETE","255255255"
2442,"ROSA CHOQUE","255255255"
2316,"ROSA CHÁ","255255255"
220,"ROSA CLARO","255255255"
2076,"ROSA CORAL","255255255"
137,"ROSA CREAM","255255255"
1891,"ROSA CRISTAL","255255255"
222,"ROSA CROCUS","255255255"
1207,"ROSA ESCURO","255255255"
352,"ROSA FLUOR","255255255"
1390,"ROSA FLUX","255255255"
288,"ROSA FRAMBOESA","255255255"
1203,"ROSA GLAZE","255255255"
1196,"ROSA GLITTER","255255255"
1206,"ROSA GLITTER PR","255255255"
138,"ROSA GUM","239161191"
35,"ROSA HIBISCO","255255255"
42,"ROSA HOLLYWOOD","255255255"
316,"ROSA LIGHT","243236224"
1249,"ROSA MACARON","255255255"
1208,"ROSA MAGENTA","255255255"
1204,"ROSA METALIZADO","255255255"
1721,"ROSA MINERAL","255255255"
229,"ROSA NEGRITO","255255255"
1181,"ROSA NEON","255255255"
139,"ROSA ORQUIDEA","255255255"
322,"ROSA PASTEL","242193209"
335,"ROSA PEROLA","255255255"
2101,"ROSA PINK","255000153"
140,"ROSA POP","255255255"
735,"ROSA PORCELANA","255255255"
743,"ROSA PORCELANA","255255255"
351,"ROSA QUARTZ","255255255"
205,"ROSA QUEIMADO","219176162"
1397,"ROSA RETRO META","255255255"
2332,"ROSA RETRO META","255255255"
2492,"ROSA RETRO","255255255"
349,"ROSA SEDA","255255255"
1209,"ROSA STARCK","255255255"
2325,"ROSA VELUDO","255255255"
2040,"ROSA VINHO","255255255"
141,"ROSADO","255255255"
196,"ROSE","255255255"
1809,"ROSE FU","255255255"
142,"ROSE GOLD","255255255"
891,"ROSE GOLD METAL","255255255"
2557,"ROSE TAN","255255255"
1690,"ROSE TONE","255255255"
1716,"ROSE TONE","255255255"
1949,"ROSE WHISPER","255255255"
2374,"ROSEWOOD","255255255"
372,"ROUGE","255255255"
1829,"ROUGH GREEN","255255255"
143,"ROXO","255255255"
244,"ROXO ACINZENTAD","084100119"
144,"ROXO ESCURO","255255255"
1892,"ROXO IRIS","255255255"
319,"ROXO NEVOA","255255255"
334,"ROXO NEW","255255255"
740,"ROXO ORQUIDEA","255255255"
1893,"ROXO PAISLEY","255255255"
2414,"ROXO PRISMA","255255255"
337,"ROXO REAL","255255255"
173,"ROYAL","255255255"
915,"ROYAL BLUE","255255255"
1417,"ROYAL ORCHID","255255255"
911,"ROYAL PULSE","255255255"
2165,"ROYAL TINT","255255255"
215,"RUBI","255255255"
2444,"RUBRO","255255255"
785,"RUBY MET. F17","255255255"
1455,"RUGGED ORANGE","255255255"
1295,"RUNWHT","255255255"
808,"RUSH BLUE","255255255"
2359,"RUSH FUCHSIA","255255255"
1850,"RUSH MAROON","255255255"
2020,"RUSH ORANGE","255255255"
837,"RUSH PINK","255255255"
1832,"RUSH RED","255255255"
732,"RUSH VIOLET","255255255"
1123,"RUST PINK","255255255"
1060,"RYL-BLACK","255255255"
1061,"RYL-WHITE","255255255"
1917,"SKY RUSH","255255255"
1804,"S. NIGHT","255255255"
1643,"S. RED","255255255"
1784,"S. SEA BLUE","255255255"
1788,"S. SEAS BLUE","255255255"
1487,"S.NIGHT","255255255"
1498,"S.RED","255255255"
1801,"S.SEAS BLUE","255255255"
1493,"S.STONE","255255255"
865,"SAFETY ORANGE","255255255"
1620,"SAFETY YELLOW","255255255"
870,"SAFFRON QUARTZ","255255255"
1090,"SAHARA","255255255"
550,"SAIL","255255255"
1978,"SAILMYSTIC HIBI","255255255"
1979,"SAILSAILSAIL","255255255"
1983,"SAILVARSITY RED","255255255"
40,"SALMAO","255255255"
1925,"SANDY BEIGE MET","255255255"
504,"SAND","255255255"
1062,"SAND STONE","255255255"
2400,"SAND STRATA","255255255"
1757,"SANDALWOOD","255255255"
1962,"SANDDRIFT","255255255"
2056,"SANDED GOLD","255255255"
618,"SANDED PURPLE","255255255"
619,"SANDED PURPLE","255255255"
1941,"SANGRIA","255255255"
884,"SAPPHIRE","255255255"
1443,"SATURN GOLD","255255255"
786,"SAVANNAH","255255255"
986,"SAVANNAH","255255255"
1605,"SAY LESS CREAM","255255255"
1626,"SAYS LESS CREAM","255255255"
958,"SCARLE","255255255"
407,"SCARLET","255255255"
1782,"SCARLET","255255255"
2226,"SCARLET/GOLD","255255255"
729,"SCREAM GREEN","255255255"
1273,"SCREAMING ORANG","255255255"
1274,"SCREAMING PINK","255255255"
1661,"SCREAMING GREEN","255255255"
1701,"SCREAMING GREEN","255255255"
1474,"SCRLT","255255255"
1485,"SCRLT","255255255"
1802,"SCRLT","255255255"
2222,"SCRLT/BLK","255255255"
2503,"SEA CORAL","255255255"
1846,"SEA GLASS","255255255"
1838,"SEAFOAM","255255255"
829,"SEAWEED","255255255"
1936,"SELVA","255255255"
1913,"SEMI SOLAR ORAN","255255255"
1914,"SEMI TURBO","255255255"
491,"SEMI CORAL","255255255"
2590,"SEMI FLASH AQUA","255255255"
1336,"SEMI NEON MINT","255255255"
1404,"SEMI NIGHT FLAS","255255255"
1324,"SEMI ORANGE FLA","255255255"
1657,"SEMI SCREAMING","255255255"
406,"SEMI SOLAR PINK","255255255"
419,"SEMI SOLAR RED","255255255"
474,"SEMI SOLAR YELL","255255255"
1275,"SEMI SOLAR LIME","255255255"
1777,"SEMI SOLAR GOLD","255255255"
637,"SEPIA STONE","255255255"
544,"SEQUOIA","255255255"
1136,"SESAME","255255255"
2310,"SG","255255255"
2311,"SGWH","255255255"
1915,"SHADOW NAVY","255255255"
1916,"SHADOW RED","255255255"
2598,"SHADOW BROWN","255255255"
2343,"SHADOW GREEN","255255255"
2136,"SHADOW OLIVE","255255255"
2602,"SHADOW VIOLET","255255255"
1230,"SHADOWBERRY","255255255"
1091,"SHARK","255255255"
899,"SHARP BLUE","255255255"
1092,"SHEER GREY","255255255"
924,"SHIMMER","255255255"
1405,"SHOCK BLUE","255255255"
527,"SHOCK CYAN","255255255"
519,"SHOCK LIME","255255255"
402,"SHOCK PINK","255255255"
537,"SHOCK PINK BOTT","255255255"
987,"SHOCK PINK","255255255"
512,"SHOCK PURPLE","255255255"
520,"SHOCK RED","255255255"
787,"SHOCK YELLOW","255255255"
866,"SIERRA RED","255255255"
919,"SIGNAL BLUE","255255255"
788,"SIGNAL CORAL","255255255"
988,"SIGNAL CYAN","255255255"
789,"SIGNAL GREEN","255255255"
989,"SIGNAL ORANGE","255255255"
990,"SIGNAL PINK","255255255"
669,"SILVER","255255255"
2344,"SILVER DAWN","255255255"
2395,"SILVER GREEN","255255255"
420,"SILVER MET.","255255255"
1093,"SILVER METALLIC","255255255"
2595,"SILVER PEBBLE","255255255"
913,"SILVER PINE","255255255"
1508,"SILVER SILVER S","255255255"
2345,"SILVER VIOLET","255255255"
1467,"SILVERSTONE","255255255"
2181,"SIMMONS BEN","255255255"
532,"SIMPLE BROWN","255255255"
1349,"SIREN RED","255255255"
2014,"SIREN REDBLACK","255255255"
838,"SKY GREY","255255255"
790,"SKY TINT","255255255"
1063,"SLAM-BLACK","255255255"
1412,"SLAM-BLACK","255255255"
1064,"SLAM-WHITE","255255255"
1810,"SLATE","255255255"
2223,"SLVR","255255255"
2213,"SLVRSTN","255255255"
1582,"SMILE BUTTER CR","255255255"
592,"SMOKE GREY","255255255"
1972,"SMOKE GREYBLACK","255255255"
400,"SMOKE LENSES","255255255"
853,"SMOKEY MAUVE","255255255"
1043,"SMOKEY ROSE","255255255"
1044,"SMOKY INDIGO","255255255"
214,"SNORKEL","255255255"
852,"SOAR","255255255"
505,"SOFT VISION","255255255"
1296,"SOLAR BLUE","255255255"
1245,"SOLAR FLARE","255255255"
991,"SOLAR GOLD","255255255"
791,"SOLAR GREEN","255255255"
414,"SOLAR ORANGE","255255255"
1297,"SOLAR PINK","255255255"
478,"SOLAR RED","255255255"
535,"SOLAR RED BOTTO","255255255"
1011,"SOLAR SLIME","255255255"
458,"SOLAR YELLOW","255255255"
485,"SOLID GREY","255255255"
1666,"SONIC AQUA","255255255"
1709,"SONIC AQUA","255255255"
1700,"SONIC FUCHSIA","255255255"
1667,"SONIC INK","255255255"
1705,"SONIC INK","255255255"
819,"SONIC YELLOW","255255255"
730,"SPACE PURPLE","255255255"
1325,"SPACER GREY","255255255"
2529,"SPEED RED NO SP","255255255"
2553,"SPEED RED NO SP","255255255"
1157,"SPEED YELLOW","255255255"
1887,"SPINACH GREEN-M","255255255"
573,"SPORT RED","255255255"
936,"SPORT ROYAL","255255255"
1768,"SPORT SPICE","255255255"
1533,"SPOTS BLACK CRE","255255255"
1534,"SPOTS BLACK CRE","255255255"
1542,"SPOTS BLUSH CRE","255255255"
1510,"SPOTS CHARCOAL","255255255"
1518,"SPOTS CREAM BLA","255255255"
2501,"SPRING GREEN","255255255"
992,"SPRING PINK","255255255"
858,"SPRUCE AURA","255255255"
526,"ST PALE NUDE","255255255"
1215,"ST TAN","255255255"
1154,"STADIUM GREEN","255255255"
687,"STARFISH","255255255"
1566,"STAY HIGH","255255255"
1469,"STEALTH","255255255"
1094,"STEEL","255255255"
617,"STELLAR INDIGO","255255255"
2215,"STLTH/SCRLT","255255255"
1219,"STONE","255255255"
645,"STONE MAUVE","255255255"
2209,"STORMY NIGHT","255255255"
633,"STRING","255255255"
1472,"STW","255255255"
1796,"STW","255255255"
2102,"SUMMER FIG","255255255"
615,"SUMMIT WHITE","255255255"
2634,"SUMMIT WHITETRA","255255255"
2660,"SUMMIT WHITEOBS","255255255"
629,"SUNBLUSH","198093082"
1161,"SUNBURST","255255255"
2504,"SUNDIAL","255255255"
1856,"SUNSET","255255255"
2184,"SUNSET GLOW","255255255"
701,"SUNSET PULSE","255255255"
622,"SUNSET TINT","255255255"
238,"SUPER AZUL","255255255"
145,"SUPER PINK","255255255"
282,"SUPER POP","255255255"
1476,"SURF THE WEB","255255255"
1478,"SURFTHEWEB","255255255"
2186,"SWEET BEET","255255255"
1634,"SWT","255255255"
1926,"TEAM COLLEG RED","255255255"
1468,"T. LAVENDER","255255255"
1633,"T.GREEN","255255255"
1492,"T.LAV","255255255"
1494,"T.LAVENDER","255255255"
2070,"TABACO","255255255"
2082,"TABACO","099063051"
993,"TACTILE BLUE","255255255"
908,"TACTILE GOLD ME","255255255"
994,"TACTILE RED","255255255"
1012,"TALC","255255255"
1783,"TAN","255255255"
146,"TANGERINA","255255255"
2170,"TATUM JAYSON","255255255"
2048,"TAUPE","174163147"
1363,"TAUPE HAZE","255255255"
2358,"TAUPE MET","255255255"
2398,"TAUPE MET","255255255"
1686,"TAUPE OXIDE","255255255"
2385,"TAXI","255255255"
1099,"TEA TREE MIST","255255255"
2622,"TEAL NEBULA","255255255"
648,"TEAL TINT","255255255"
1679,"TEAM COLLEG PUR","255255255"
1708,"TEAM COLLEG GOL","255255255"
643,"TEAM CRIMSON","255255255"
995,"TEAM DARK GREEN","255255255"
1276,"TEAM DARK GREY","255255255"
855,"TEAM GOLD","255255255"
1406,"TEAM GREEN","255255255"
1013,"TEAM LIGHT BLUE","255255255"
1772,"TEAM MAROON","255255255"
792,"TEAM MID GREY","255255255"
996,"TEAM NAVY BLUE","255255255"
1326,"TEAM NAVY","255255255"
1277,"TEAM ONIX","255255255"
611,"TEAM ORANGE","255255255"
1278,"TEAM POWER RED","255255255"
1337,"TEAM PURPLE","255255255"
2147,"TEAM REAL MAGEN","255255255"
582,"TEAM RED","255255255"
793,"TEAM ROYAL BLUE","255255255"
831,"TEAM ROYAL","255255255"
2393,"TEAM SEMI SOL O","255255255"
1279,"TEAM SHOCK PINK","255255255"
2346,"TEAM SHOCK PINK","255255255"
2351,"TEAM SHOCK PINK","255255255"
1280,"TEAM SOLAR YELL","255255255"
1298,"TEAM SOLAR GREE","255255255"
2347,"TEAM SOLAR ORAN","255255255"
2352,"TEAM SOLAR ORAN","255255255"
1663,"TEAM VICTORY RE","255255255"
1407,"TEAM YELLOW","255255255"
501,"TECH COPPER","255255255"
997,"TECH EMERALD","255255255"
794,"TECH INDIGO","255255255"
2409,"TECH INDIGO ADA","255255255"
422,"TECH INK","255255255"
1338,"TECH METALLIC","255255255"
446,"TECH MINERAL","255255255"
497,"TECH OLIVE","255255255"
2410,"TECH ONIX","255255255"
795,"TECH PURPLE","255255255"
508,"TECH SILVER MET","255255255"
960,"TECPRP","255255255"
1210,"TELHA","255255255"
1103,"TENT","255255255"
507,"TENT GREEN","255255255"
2447,"TERRA","255255255"
555,"TERRA BLUSH","255255255"
2049,"TERRACOTA","255255255"
2216,"TEXAS ORANGE/D.","255255255"
2229,"TEXAS ORANGE/D.","255255255"
832,"THERMAL GREEN","255255255"
1348,"THUNDER BLUE","255255255"
597,"THUNDER GREY","255255255"
827,"THUNDERSTORM","255255255"
1359,"TM BEST GREY","255255255"
2511,"TM BLACK","255255255"
2539,"TM WHITE","255255255"
203,"TOMATE","255255255"
1918,"TOPHI-RES BLUE","255255255"
945,"TOPAZ GOLD","255255255"
796,"TOPBLACK","255255255"
1281,"TOPBRIGHT CYAN","255255255"
998,"TOPLEGEND INK","255255255"
1282,"TOPMEDIUM GREY","255255255"
797,"TOPPANTONE","255255255"
1675,"TOPSHOCK PINK","255255255"
1676,"TOPSOLAR ORANGE","255255255"
1677,"TOPSOLAR RED","255255255"
999,"TOPTEAM ROYAL B","255255255"
1673,"TOPVICTORY BLUE","255255255"
404,"TOPWHITE","255255255"
1244,"TOTAL CRIMSON","255255255"
586,"TOTAL ORANGE","255255255"
2052,"TOUGH RED","255255255"
864,"TOUR YELLOW","255255255"
424,"TRACE BLUE F17","255255255"
395,"TRACE CARGO MET","255255255"
798,"TRACE CARGO","255255255"
509,"TRACE GREY MET.","255255255"
444,"TRACE KHAKI F17","255255255"
1000,"TRACE MAROON","255255255"
506,"TRACE OLIVE F17","255255255"
814,"TRACK RED","255255255"
1653,"TRAILS END BRWN","255255255"
304,"TRANSPARENTE","255255255"
403,"TRANSPARENT","255255255"
810,"TREELINE","255255255"
1065,"TREK GREY","255255255"
2230,"TRIPLE BLK","255255255"
1355,"TROPICAL TWIST","255255255"
2198,"TRQS","255255255"
147,"TRUE  BLUE","255255255"
613,"TRUE BERRY","255255255"
405,"TRUE BLUE","255255255"
1066,"TRUE GREY 1","255255255"
1067,"TRUE GREY 7","255255255"
1068,"TRUE GREY 8","255255255"
462,"TRUE PINK","255255255"
1146,"TRULY GOLD","255255255"
2291,"TRULY GOLD No S","255255255"
374,"TULIPA","255255255"
1223,"TUMBLED GREY","255255255"
521,"TURBO","255255255"
1354,"TURF ORANGE","255255255"
39,"TURQUESA","069181170"
1442,"TURQUOISE BLUE","255255255"
148,"TUTTI FRUTTI","255255255"
1116,"TWILIGHT MARSH","255255255"
1231,"TWINE","255255255"
1327,"TWISTED CORAL","255255255"
1299,"ULTRA POP","255255255"
2067,"ULTRALIME","255255255"
2092,"ULTRAMAR","255255255"
1149,"ULTRAMARINE","255255255"
1717,"UNICA","255255255"
417,"UNITY BLUE","255255255"
2521,"UNIV BLUE","255255255"
2248,"UNIV GOLD","255255255"
2250,"UNIV RED","255255255"
574,"UNIVERSITY RED","255255255"
647,"UNIVERSITY BLUE","255255255"
668,"UNIVERSITY GOLD","255255255"
1998,"UNIVERSITY REDB","255255255"
2540,"UNIVERSITY RED","255255255"
2629,"UNIVERSITY REDW","255255255"
276,"URZE COLORIDO","255255255"
1069,"UTILITY BEIGE","255255255"
471,"UTILITY BLACK","255255255"
1070,"UTILITY GREEN","255255255"
1095,"UTILITY YELLOW","255255255"
166,"UVA","255255255"
2220,"V. BLUE","255255255"
912,"VACHETTA TAN","255255255"
802,"VALERIAN BLUE","255255255"
2303,"VALERIAN BLUEPU","255255255"
1409,"VALOR BLUE","255255255"
951,"VAPOR GREEN","255255255"
1217,"VAPOUR GREY MET","255255255"
1683,"VAPOUR PINK","255255255"
1711,"VAPOUR PINK","255255255"
369,"VARIADAS","255255255"
571,"VARSITY MAIZE","255255255"
2509,"VARSITY PURPLE","255255255"
939,"VARSITY RED","255255255"
727,"VARSITY ROYAL","255255255"
557,"VAST GREY","255255255"
965,"VERDE FOLHA","255255255"
1071,"VECTOR BLUE","255255255"
1045,"VECTOR NAVY","255255255"
1072,"VECTOR NAVY MEL","255255255"
1073,"VECTOR RED","255255255"
720,"VELVET BROWN","255255255"
1432,"VENICE","255255255"
2419,"VENTO","255255255"
1166,"VERANDA","255255255"
47,"VERDE","117161079"
2331,"VERDE ACQUA","255255255"
171,"VERDE AGUA","255255255"
149,"VERDE ALPINE","255255255"
2464,"VERDE ALPINE","255255255"
2120,"VERDE AMBAR","143125165"
197,"VERDE ATOMICO","255255255"
2317,"VERDE AVOCADO","255255255"
204,"VERDE BAMBU","255255255"
2073,"VERDE BANDEIRA","055080061"
2448,"VERDE BANDEIRA","255255255"
2454,"VERDE BEBE","255255255"
2077,"VERDE CLARO","255255255"
366,"VERDE CAMO","255255255"
1726,"VERDE CEDRO","255255255"
338,"VERDE CHA","154151057"
189,"VERDE CITRICO","188169073"
292,"VERDE CITRUS","255255255"
1010,"VERDE CLARO","202222165"
2103,"VERDE CLARO ACI","181194165"
250,"VERDE CONGELADO","255255255"
2558,"VERDE DAIQUIRI","255255255"
1728,"VERDE DESERTO","255255255"
2429,"VERDE ELETRIC","255255255"
195,"VERDE ESCURO","255255255"
320,"VERDE ESMERALDA","000102102"
2323,"VERDE ETHER","255255255"
150,"VERDE EUCALIPTO","255255255"
1929,"VERDE FRESCO ME","255255255"
2560,"VERDE FECHADO","255255255"
744,"VERDE FOLHAGEM","255255255"
1894,"VERDE FRESCOR","255255255"
1927,"VERDE FRESCOR G","255255255"
1389,"VERDE GALACTICO","255255255"
151,"VERDE GRAMA","255255255"
37,"VERDE HYDRO","204255204"
1895,"VERDE JARDIM","255255255"
152,"VERDE LAGO","091119099"
153,"VERDE LIMA","255255255"
154,"VERDE LIMAO","255255255"
2575,"VERDE LUMINOSO","255255255"
358,"VERDE MACA","255255255"
2449,"VERDE MATA","255255255"
2421,"VERDE MATO","255255255"
339,"VERDE MENTOL","255255255"
2426,"VERDE MENTA","255255255"
2430,"VERDE MENTA","255255255"
295,"VERDE METALICO","255255255"
190,"VERDE MILITAR","255255255"
892,"VERDE MINERAL","255255255"
341,"VERDE MOUSSE","255255255"
175,"VERDE MUSGO","087077053"
226,"VERDE NEON","255255255"
155,"VERDE OCEANO","255255255"
2463,"VERDE OLIVE MET","255255255"
156,"VERDE OLIVA","141139085"
301,"VERDE OLIVE","255255255"
742,"VERDE ORVALHO","255255255"
2424,"VERDE PARAISO","255255255"
299,"VERDE PASTEL","255255255"
157,"VERDE PATRIA","255255255"
2051,"VERDE PETROLEO","028083102"
158,"VERDE PISCINA","255255255"
2455,"VERDE PRIMAVERA","255255255"
281,"VERDE TERRA","255255255"
896,"VERDE TREVO","255255255"
159,"VERDE TROPICAL","255255255"
2111,"VERDE TURQUESA","255255255"
2466,"VERDE VIBE","255255255"
2335,"VERDE VIRTUAL","255255255"
2123,"VERDE WASABI","115168158"
1937,"VERDE YUCCA","255255255"
2554,"VERMELHO LAVA","255255255"
2487,"VERME;MEDIE;BRA","255255255"
8,"VERMELHO","204000000"
2069,"VML INTENSO","255255255"
160,"VERMELHO APACHE","255255255"
182,"VERMELHO ATOMIC","255255255"
167,"VERMELHO BORDO","255255255"
161,"VERMELHO CAQUI","255255255"
162,"VERMELHO CLARO","255171171"
1394,"VERMELHO CRUSH","255255255"
1938,"VERMELHO CHILI","255255255"
2450,"VERMELHO CAQUI","255255255"
266,"VERMELHO ESCURO","255255255"
241,"VERMELHO FLASH","255255255"
2423,"VERMELHO HAVA","255255255"
2104,"VERMELHO INTENS","191025050"
2568,"VERMELHO LOLLIP","255255255"
163,"VERMELHO RUBI","162020065"
1723,"VERMELHO ROMA","255255255"
2037,"VERMELHO RUBRO","158016048"
2579,"VERMELHO RUIBAR","255255255"
243,"VERMELHO SOLAR","255255255"
248,"VERMELHO VIVO","255255255"
1834,"VERY BERRY","255255255"
1662,"VICTORY BLUE","255255255"
1699,"VICTORY BLUE","255255255"
1660,"VICTORY CRIMSON","255255255"
1698,"VICTORY CRIMSON","255255255"
1183,"VIDRO","255255255"
1185,"VIDRO GLITTER P","255255255"
1192,"VIDRO GLITTTER","255255255"
822,"VILLAIN RED","255255255"
194,"VINHO","255255255"
305,"VINHO DE UVA","255255255"
1724,"VINHO MARSALA","255255255"
734,"VIOLET","255255255"
1754,"VIOLET ASH","255255255"
1365,"VIOLET DUST","255255255"
1235,"VIOLET FROST","255255255"
2348,"VIOLET FUSION","255255255"
1096,"VIOLET HAZE","255255255"
1841,"VIOLET ORE","255255255"
1430,"VIOLET SHOCK","255255255"
1126,"VIOLET STAR","255255255"
1670,"VIOLET TONE","255255255"
1695,"VIOLET TONE","255255255"
9,"VIOLETA","068000153"
2122,"VIOLETA ALLIUM","151135184"
2121,"VIOLETA PASTEL","255255255"
2459,"VIOLETA SOFT","255255255"
2232,"VIOTECH","255255255"
263,"VIRIDIAN","255255255"
1710,"VISION MET.","255255255"
464,"VISION SHADE","255255255"
799,"VISTA BLUE","255255255"
510,"VISTA GREY","255255255"
2064,"VIVID GREEN","255255255"
2126,"VIVID GREEN","255255255"
1074,"VIVID ORANGE","255255255"
688,"VIVID PINK","255255255"
860,"VIVID PURPLE","255255255"
800,"VIVID RED","255255255"
1943,"VIVID SULFUR","255255255"
2647,"VIVID SULFUR GC","255255255"
164,"VOLT","255255255"
321,"VOLT CLARO","102255102"
1164,"VOLT GLOW","255255255"
719,"VOLTAGE PURPLE","255255255"
2032,"Verde Camuflado","255255255"
2096,"Verm Rubi","255255255"
1786,"W.ORCHID","255255255"
2574,"WARM APRICOT","255255255"
686,"WASHED CORAL","255255255"
1836,"WASHED TEAL","255255255"
2286,"WATANABE YUTA","255255255"
818,"WATERMELON","255255255"
357,"WAVE","255255255"
1075,"WEATHERED YELLO","255255255"
1806,"WEED BELONG SUE","255255255"
2178,"WESTBROOK RSSLL","255255255"
654,"WHEAT","255255255"
1598,"WHEAT BONE","255255255"
2360,"WHEAT GOLD","255255255"
2058,"WHEAT GRASS","255255255"
2543,"WHEATBLACK","255255255"
1973,"WHEATFLAXGUM LI","255255255"
19,"WHISKY","255255255"
56,"WHITE","255255255"
381,"WHITE","255255255"
1522,"WHITE BLACK LEA","255255255"
2277,"WHITE C","255255255"
1523,"WHITE CREAM LEA","255255255"
2535,"WHITE FULL SPON","255255255"
2650,"WHITE FULL SPON","255255255"
2657,"WHITE GAME ROYA","255255255"
2293,"WHITE GCW#1","255255255"
2298,"WHITE GCW#4","255255255"
2538,"WHITE GCW#3","255255255"
2645,"WHITE GCW#5","255255255"
2542,"WHITE GCW1","255255255"
2541,"WHITE GCW8","255255255"
1790,"WHITE MULTI","255255255"
2649,"WHITE NO SPONSO","255255255"
2294,"WHITE No Sponso","255255255"
1955,"WHITE ONYX","255255255"
515,"WHITE REFLECTIV","255255255"
1685,"WHITE TINT","255255255"
1712,"WHITE TINT","255255255"
1048,"WHITE W VECTOR","255255255"
1515,"WHITE WHITE LEA","255255255"
2227,"WHITE/BLACK","255255255"
2661,"WHITEADOBE","255255255"
1974,"WHITEBLACKBLACK","255255255"
1982,"WHITEBLACK","255255255"
2217,"WHITE/BLUE","255255255"
1970,"WHITEDARK GREYB","255255255"
2001,"WHITEDARK GREY","255255255"
2309,"WHITEDPRYL CMTB","255255255"
2313,"WHITEDPRYL CMTB","255255255"
2008,"WHITEPINK PRIME","255255255"
1989,"WHITEPURE PLATI","255255255"
2306,"WHITETOTAL ORAN","255255255"
2630,"WHITEUNIVERSITY","255255255"
1997,"WHITEWHITE","255255255"
2308,"WHITEWOLF GREY","255255255"
378,"WHT","255255255"
2218,"WHT/SCARLET","255255255"
1351,"WILD BERRY","255255255"
1328,"WILD BROWN","255255255"
1076,"WILD GREEN S18-","255255255"
1283,"WILD MOSS","255255255"
1284,"WILD PINE","255255255"
1285,"WILD PINK","255255255"
1286,"WILD TEAL","255255255"
2284,"WILLIAMSON ZION","255255255"
543,"WOLF GREY","255255255"
1898,"WONDER MAUVE","255255255"
2597,"WONDER BEIGE","255255255"
2593,"WONDER BLUE","255255255"
2594,"WONDER CLAY","255255255"
2601,"WONDER ORCHID","255255255"
2139,"WONDER OXIDE","255255255"
2349,"WONDER QUARTZ","255255255"
2591,"WONDER SILVER","255255255"
2134,"WONDER STEEL","255255255"
2350,"WONDER TAUPE","255255255"
1668,"WONDER WHITE","255255255"
1702,"WONDER WHITE","255255255"
1130,"WORLD INDIGO","255255255"
2053,"WORN BLUE","255255255"
2263,"WORN BLUE","255255255"
2513,"WORN BLUECELEST","255255255"
2301,"WORN BLUEWORN B","255255255"
1543,"X-RAY BLACK BLA","255255255"
1606,"X-RAY BLACK SUE","255255255"
1506,"X-RAY CRIMSON C","255255255"
540,"YELLOW","255255255"
2164,"YELLOW OCHRE","255255255"
1758,"YELLOW STRIKE","255255255"
801,"YELLOW TINT","255255255"
2169,"YOUNG TRAE","255255255"
2518,"YPWH","255255255"
1227,"YUKON BROWN","255255255"
1535,"ZEBRA BONE BLAC","255255255"
1513,"ZEBRA LAVENDER","255255255"
1504,"ZEBRA TIGER BLA","255255255"
1545,"ZEBRA TIGER CRE","255255255"
2320,"ZEN BLUE","255255255"
1875,"ZERO 3 SKULL","255255255"
1882,"ZERO 3 SKULL SU","255255255"
2142,"ZERO MET.","255255255"
1883,"ZERO OUR LADY","255255255"
1808,"ZERO RED","255255255"
1881,"ZERO SKULL SUED","255255255"
2029,"almost lime","255255255"
2206,"almost yellow","255255255"
2207,"beam green","255255255"
2202,"clear aqua","255255255"
2028,"magic earth","255255255"
2030,"magic lilac","255255255"
2205,"magic lime","255255255"
2208,"semi pulse lila","255255255"
2201,"shadow maroon","255255255"
2027,"trail brown","255255255"
2204,"vivid berry","255255255"
2203,"wonder red","255255255"
2212,"FIREFLY","255255255"